client_id	audio_id	audio_file	duration_ms	prompt_id	prompt	transcription	votes	age	gender	accents	variant	language	prompt_upvotes	prompt_reports	is_edited	split	char_per_sec	quality_tags
0abdb8c04390a61ac23a4fcfa3619071	71030	spontaneous-speech-de-71030.mp3	7020	7545	Wie siehst du die Zukunft der erneuerbaren Energien?	Erneuerbare Energien werden wohl immer günstiger und preiswerter werden und sich immer weiter und weiter verbreiten.	1	twenties	male_masculine	Deutschland Deutsch		German	0	0	0		14.387464387464387	
0abdb8c04390a61ac23a4fcfa3619071	71043	spontaneous-speech-de-71043.mp3	14508	7502	Welche Farbe magst du am meisten und warum?		0	twenties	male_masculine	Deutschland Deutsch		German	0	0	0			
e74342d518b399618418ba6f17c7e9e9	71096	spontaneous-speech-de-71096.mp3	7956	7495	Welche Jahreszeit magst du am liebsten und warum?	Ich mag am liebsten den Herbst, weil es schön bunt ist und weil es viel zu essen gibt	1	fourties	male_masculine	Schweizerdeutsch		German	0	0	1		8.547008547008547	
c5bfef2b58c8be672d457214d7def2bb	71254	spontaneous-speech-de-71254.mp3	22104	7499	Was ist dein Lieblingsgetränk und warum?	Mein Lieblingsgetränk ist Mineralwasser. Ganz normales Mineralwasser. Sprudelwasser mit Kohlensäure. Ich würde es auch ohne   Kohlensäure trinken. Aber mit Sprudel, ich weiß auch nicht, ist so eine Gewohnheitssache.ein Lieblingsgetränk ist Mineralwasser	1	fourties	male_masculine	Deutschland Deutsch		German	0	0	0		9.998190372783206	
c5bfef2b58c8be672d457214d7def2bb	71256	spontaneous-speech-de-71256.mp3	39096	7495	Welche Jahreszeit magst du am liebsten und warum?	Naja, es ist ja naturgemäß eher so, dass man sehr wahrscheinlich die wärmeren Monate bevorzugt, denn..ähm..man kann raus gehen und es ist auch die Zeit, wo man sich wahrscheinlich öfters mit Freunden außerhalb des Hauses trifft und sowas. Das ist immer sehr schön ..Von daher würd' ich sagen die Jahreszeiten, die warmen Jahreszeiten: Frühling, Sommer und natürlich auch bisschen Herbst noch rein...sind ..sind Okey..ich mein' ich würde auch den Winter mögen, aber nicht äh...(Lacht)..nicht im Alltag ..im Urlaub vielleicht schon	1	fourties	male_masculine	Deutschland Deutsch		German	0	0	1		11.510128913443829	
c5bfef2b58c8be672d457214d7def2bb	71258	spontaneous-speech-de-71258.mp3	32184	7498	Was ist dein Lieblingsfilm und warum?	Oh wau ehm, wie viel Zeit hast Du? [laugh] Nein eh in Wirklichkeit es gibt es gibt sowas, in mein Leben gibt es nicht den Lieblingsfilm. Eh Film ist ein en wahnsinnig tolles Medium und em ich es gibt viele es gibt sehr sehr sehr viele Filme die mich auf verschiedenen Ebenen ehm berühren und ich würd die niemals gegeneinander aufrechnen oder miteinander messen, weil sie alle auf Ihre Art und Weise großartig sind.	0	fourties	male_masculine	Deutschland Deutsch		German	0	0	0		10.626398210290828	
c5bfef2b58c8be672d457214d7def2bb	71259	spontaneous-speech-de-71259.mp3	18072	7506	Kochst du gerne und wenn ja, was?	Ja ich koche gerne und zwar alles. [laugh] Also ich würde jetzt keinen Fisch k.. ehm zubereiten weil das ess ich nicht. Aber ehm ich probier alles gern mal aus wenn nen tolles Rezept da ist oder ich irgendwelche Zutaten hab wo ich denk haaa das mach ich jetzt, mach ich das.	0	fourties	male_masculine	Deutschland Deutsch		German	0	0	0		12.339530765825588	
c5bfef2b58c8be672d457214d7def2bb	71261	spontaneous-speech-de-71261.mp3	63612	7552	Wie siehst du die Zukunft der Arbeit in einer digitalen Welt?	"Die Frage ist seltsam, die ""Arbeit in der digitalen Welt"" Es könnte gemeint sein, wie sehe ich die Zukunft der Menschen die Arbeiten oder ob Menschen noch Arbeit finden in der digitalen Welt. Oder, ob ich das so sehe, aber man könnte ja auch denken, ehm, ob äh, die Frage so gemeint ist als ob, also ob ich mir eine Zukunft in der digitalen Welt zu arbeiten vorstellen könnte. Ehm. Beides ist schwer zu beantworten, ich. Ja eh Ja, natürlich könnt ich mir eine Arbeit in der digitalen Welt vorstellen. Und auch Ja ehm, es wird weiterhin Arbeit geben, die eh von Menschen, sowie aber auch vieles von, von digitalen Mitbewohnern der Welt. Aber die Frage ist schwierig, sehr schwierig und sehr schwammig formuliert."	1	fourties	male_masculine	Deutschland Deutsch		German	0	0	0		9.243538954914166	
c5bfef2b58c8be672d457214d7def2bb	71267	spontaneous-speech-de-71267.mp3	104760	7520	Was war oder ist dein Lieblingsfach in der Schule und warum?		0	fourties	male_masculine	Deutschland Deutsch		German	0	0	0			
c5bfef2b58c8be672d457214d7def2bb	71269	spontaneous-speech-de-71269.mp3	42912	7535	Wenn du eine Milliarde Euro hättest, was würdest du damit machen?	Das ist einfach, ich würde bis auf den letzten Cent schauen, dass es mir und meinem nahen Umfeld [disfluency] finanziell damit [disfluency] weiterhilft. [disfluency] Absicherung, vielleicht einfach mal ein paar neue Sachen kaufen, [disfluency] vielleicht was zur Seite legen, wie auch immer, aber ich würde das mit mein- mit meinen Lieben und mit meinen nächsten Leuten aufteilen, [disfluency] wahrscheinlich so sehr, dass ich [laugh] hochgerechnet weniger kriegen würde, aber ich- Wann hat man schon einmal eine Million Euro, also als Normalsterblicher?	1	fourties	male_masculine	Deutschland Deutsch		German	0	0	0		11.045861297539151	
c5bfef2b58c8be672d457214d7def2bb	71270	spontaneous-speech-de-71270.mp3	9900	7528	Wenn du eine Zeitmaschine hättest, in welche Zeit würdest du reisen und warum?	Ich würd in alle Zeiten reisen und warum? Weil ich gerne sehen würde ob das alles wahr ist.	0	fourties	male_masculine	Deutschland Deutsch		German	0	0	0		7.474747474747475	
5c6dcdff9cf0654ab31e83c596cb4d89	71324	spontaneous-speech-de-71324.mp3	5364	7506	Kochst du gerne und wenn ja, was?	Ich koche sehr gerne und sehr unterschiedliche Dinge	1	fifties	female_feminine	Deutschland Deutsch		German	0	0	0		8.389261744966444	
5c6dcdff9cf0654ab31e83c596cb4d89	71325	spontaneous-speech-de-71325.mp3	10188	7536	Wenn du ein Tier wärst, welches wärst du und warum?	Wenn ich ein Tier wäre, würde ich eine Rauchschwalbe sein wollen, weil die so wunderschön singen, wenn sie aus Ihrem Winter in Afrika zurückkommen.	1	fifties	female_feminine	Deutschland Deutsch		German	0	0	0		12.171181782489203	
5c6dcdff9cf0654ab31e83c596cb4d89	71326	spontaneous-speech-de-71326.mp3	5616	7519	Welche Sprache würdest du gerne lernen und warum?	Ich möchte gerne Neugriechisch lernen, weil meine Schwester in Griechenland wohnt.	1	fifties	female_feminine	Deutschland Deutsch		German	0	0	0		12.82051282051282	
5c6dcdff9cf0654ab31e83c596cb4d89	71327	spontaneous-speech-de-71327.mp3	5652	7532	Was ist für dich das Wichtigste in einer Beziehung?	Das ist eine Frage die ich unmöglich beantworten kann.	0	fifties	female_feminine	Deutschland Deutsch		German	0	0	0		8.138711960368012	
5c6dcdff9cf0654ab31e83c596cb4d89	71328	spontaneous-speech-de-71328.mp3	3276	7554	Wie siehst du die Zukunft der künstlichen Intelligenz in den nächsten zehn Jahren?	Ich bin sehr skeptisch.	0	fifties	female_feminine	Deutschland Deutsch		German	0	0	0		6.105006105006105	
5c6dcdff9cf0654ab31e83c596cb4d89	71329	spontaneous-speech-de-71329.mp3	7200	7495	Welche Jahreszeit magst du am liebsten und warum?	Ich mag am liebsten den Herbst, weil sich dann alles ein bisschen zurückfaltet.	1	fifties	female_feminine	Deutschland Deutsch		German	0	0	0		9.305555555555555	
5c6dcdff9cf0654ab31e83c596cb4d89	71330	spontaneous-speech-de-71330.mp3	6192	7513	Welchen Sport machst du am liebsten und warum?	Ich mache nicht gerne Sport. Aber wenn ich einen machen würde, dann wäre es Tanzen	1	fifties	female_feminine	Deutschland Deutsch		German	0	0	0		10.981912144702843	
5c6dcdff9cf0654ab31e83c596cb4d89	71331	spontaneous-speech-de-71331.mp3	4572	7497	Wohin fährst du am liebsten in den Urlaub?	Ich persönlich fahre am liebsten ans Meer.	1	fifties	female_feminine	Deutschland Deutsch		German	0	0	0		7.874015748031496	
5c6dcdff9cf0654ab31e83c596cb4d89	71332	spontaneous-speech-de-71332.mp3	14868	7528	Wenn du eine Zeitmaschine hättest, in welche Zeit würdest du reisen und warum?	Ich würde gerne in das England von Jane Austens reisen, weil ich [unclear] Bücher sehr liebe und mal erfahren möchte, wie sehr eigentlich mit der damaligen Zeit übereinstimmen.	0	fifties	female_feminine	Deutschland Deutsch		German	0	0	0		10.02152273338714	
5c6dcdff9cf0654ab31e83c596cb4d89	71333	spontaneous-speech-de-71333.mp3	11448	7522	Welche Art von Kleidung trägst du am liebsten und warum?	Ich sag trage sehr gerne Kleider aus guten Webstoffen, weil ich es einfach schön finde, wenn Dinge des Alltags sorgfältig hergestellt werden.	0	fifties	female_feminine	Deutschland Deutsch		German	0	0	0		10.482180293501047	
5c6dcdff9cf0654ab31e83c596cb4d89	71334	spontaneous-speech-de-71334.mp3	11844	7504	Welche Art von Wetter magst du am liebsten und warum?	Ich mag sehr gerne Regen und zwar deswegen weil er einen dazu bringt drinnen zu bleiben und trotzdem was draußen präsent macht.	0	fifties	female_feminine	Deutschland Deutsch		German	0	0	0		8.94967916244512	
afb8ea5f4b1d1779300a9cfea9966f0d	71499	spontaneous-speech-de-71499.mp3	12276	7551	Welche gesellschaftlichen Veränderungen würdest du gerne sehen?	Die gesellschaftliche Veränderung, die ich mir wünschen würde, wäre absolute Diskriminierungsfreiheit und ein friedliches Miteinander.	1	thirties	male_masculine	Deutschland Deutsch		German	0	0	0		9.775171065493646	
5c6dcdff9cf0654ab31e83c596cb4d89	71650	spontaneous-speech-de-71650.mp3	9396	7508	Welche Art von Essen würdest du gerne einmal probieren und warum?	Ich würde gerne authentisches japanisches Essen ausprobieren, weil ich mir das sehr fein vorstelle.	1	fifties	female_feminine	Deutschland Deutsch		German	0	0	1		9.15283099191145	
5c6dcdff9cf0654ab31e83c596cb4d89	71651	spontaneous-speech-de-71651.mp3	5976	7502	Welche Farbe magst du am meisten und warum?	Ich mag am liebsten Blau, weil die das die Farbe des Himmels ist.	1	fifties	female_feminine	Deutschland Deutsch		German	0	0	0		8.868808567603748	
5c6dcdff9cf0654ab31e83c596cb4d89	71652	spontaneous-speech-de-71652.mp3	9756	7512	Wohin würdest du gerne einmal fahren und warum?	Ich möchte gerne einmal in ein Flusstal fahren indem der Fluss noch nicht begradigt ist.	0	fifties	female_feminine	Deutschland Deutsch		German	0	0	0		7.585075850758507	
5c6dcdff9cf0654ab31e83c596cb4d89	71653	spontaneous-speech-de-71653.mp3	10188	7533	Welche Traditionen pflegst du in deiner Familie?	Wir pflegen ein Rundbrief, der von Familienmitglieds Familien Mitglied weiter geschickt und mit den aktuellen Nachrichten ergänzt wird.	0	fifties	female_feminine	Deutschland Deutsch		German	0	0	0		11.582253631723596	
5c6dcdff9cf0654ab31e83c596cb4d89	71654	spontaneous-speech-de-71654.mp3	8820	7551	Welche gesellschaftlichen Veränderungen würdest du gerne sehen?	Ich würde gerne mehr Toleranz und insbesondere mehr Dialog unter unterschiedlichen Gruppen und Menschen sehen.	1	fifties	female_feminine	Deutschland Deutsch		German	0	0	0		10.884353741496598	
5c6dcdff9cf0654ab31e83c596cb4d89	71655	spontaneous-speech-de-71655.mp3	6048	7499	Was ist dein Lieblingsgetränk und warum?	Auf schwarzen Tee zum Frühstück kann ich nicht verzichten.	1	fifties	female_feminine	Deutschland Deutsch		German	0	0	0		8.267195767195767	
5c6dcdff9cf0654ab31e83c596cb4d89	71656	spontaneous-speech-de-71656.mp3	9360	7511	Wie ist das Wetter in deiner Lieblingsstadt?	Da ich keine Lieblingsstadt habe, kann ich diese Frage nicht beantworten. Und ich kann Sie auch deswegen nicht beantworten, weil das Wetter so unterschiedlich ist.	0	fifties	female_feminine	Deutschland Deutsch		German	0	0	1		14.850427350427351	
5c6dcdff9cf0654ab31e83c596cb4d89	71657	spontaneous-speech-de-71657.mp3	10944	7516	Warum ist es wichtig, verschiedene Hobbys zu haben?	Ich weiß nicht, ob das wichtig ist, verschiedene Hobbys zu haben; ich habe verschiedene Hobbys, aber ich kann mir auch vorstellen, dass Leute mit nur einem Hobby sehr glücklich sind.	1	fifties	female_feminine	Deutschland Deutsch		German	0	0	1		13.980263157894736	
5c6dcdff9cf0654ab31e83c596cb4d89	71658	spontaneous-speech-de-71658.mp3	8604	7520	Was war oder ist dein Lieblingsfach in der Schule und warum?	In der Schule war mein Lieblingsfach vermutlich Philosophie, weil wir da diskutieren und uns unsere eigene Meinung bilden durften.	0	fifties	female_feminine	Deutschland Deutsch		German	0	0	0		13.017201301720128	
5c6dcdff9cf0654ab31e83c596cb4d89	71659	spontaneous-speech-de-71659.mp3	8496	7501	Welches Tier magst du am meisten und warum?	Ich mag am liebsten die Rauchschwalben. Und zwar deswegen, weil sie so wunderbar singen, wenn sie nach dem Winter zurückkommen.	1	fifties	female_feminine	Deutschland Deutsch		German	0	0	0		12.711864406779661	
5c6dcdff9cf0654ab31e83c596cb4d89	71674	spontaneous-speech-de-71674.mp3	10512	7552	Wie siehst du die Zukunft der Arbeit in einer digitalen Welt?	Ich denke das, dass sehr schwer abzusehen ist und im Moment viel behauptet wird, was eigentlich nicht begründet ist. Also ich würde sagen, Zweifel.	0	fifties	female_feminine	Deutschland Deutsch		German	0	0	0		11.796042617960426	
5c6dcdff9cf0654ab31e83c596cb4d89	71675	spontaneous-speech-de-71675.mp3	7488	7544	Was tust du im Alltag, um die Umwelt zu schützen?	Ich fliege nicht, ich versuche nichts mit Plastik zu kaufen und ich kaufe generell wenig.	0	fifties	female_feminine	Deutschland Deutsch		German	0	0	0		10.01602564102564	
5c6dcdff9cf0654ab31e83c596cb4d89	71676	spontaneous-speech-de-71676.mp3	7452	7530	Welche Gewohnheiten haben dein Leben am meisten verbessert?	Die Gewohnheit die mein Leben am meisten verbessert hat ist mich nicht vom schlafen abhalten zu lassen.	0	fifties	female_feminine	Deutschland Deutsch		German	0	0	0		11.674718196457327	
5c6dcdff9cf0654ab31e83c596cb4d89	71677	spontaneous-speech-de-71677.mp3	12456	7537	Wenn du auf einer einsamen Insel strandest, welche drei Dinge würdest du mitnehmen?	Ich würde sicher zufällig stranden, deswegen hätte ich garantiert keine drei geplanten Dinge mitgenommen, aber wenn ich mein normales Verhalten sehe, würde ich vermutlich drei Bücher dabeihaben.	1	fifties	female_feminine	Deutschland Deutsch		German	0	0	0		13.48747591522158	
5c6dcdff9cf0654ab31e83c596cb4d89	71678	spontaneous-speech-de-71678.mp3	14976	7553	Welches historische Ereignis hat dich am meisten beeinflusst und warum?	Mich hat tatsächlich der Mauerfall am meisten beeinflusst das war etwas für mich völlig unerwartetes und hat sozusagen mein direktes gesellschaftliches Umfeld zwar nur indirekt aber immerhin überhaupt sehr stark beeinflusst.	0	fifties	female_feminine	Deutschland Deutsch		German	0	0	0		12.954059829059828	
5c6dcdff9cf0654ab31e83c596cb4d89	71679	spontaneous-speech-de-71679.mp3	5148	7510	Welche Art von Kunst würdest du gerne einmal schaffen und warum?	Ich würd gerne Kaligrafie können.	1	fifties	female_feminine	Deutschland Deutsch		German	0	0	0		5.633255633255634	
5c6dcdff9cf0654ab31e83c596cb4d89	71680	spontaneous-speech-de-71680.mp3	19836	7518	Hast du ein Haustier und wenn ja, welches und warum?	Wir haben ein Haustier und zwar eine Katze um die Mäuse in Schach zu halten aber tatsächlich würde ich nicht nochmal ein Haustier haben wollen. Ich find es schrecklich wenn Haustiere krank werden und ich bin gegen Katzen weil Sie den Vögeln zu Leibe rücken.	0	fifties	female_feminine	Deutschland Deutsch		German	0	0	0		10.738052026618268	
5c6dcdff9cf0654ab31e83c596cb4d89	71924	spontaneous-speech-de-71924.mp3	7812	7539	Was magst du an deinem Beruf am meisten?	An meinen Beruf mag ich am liebsten die zeitliche und inhaltliche Freiheit.	0	fifties	female_feminine	Deutschland Deutsch		German	0	0	0		8.19252432155658	
5c6dcdff9cf0654ab31e83c596cb4d89	71926	spontaneous-speech-de-71926.mp3	15768	7515	Warum denkst du, ist es wichtig, verschiedene historische Persönlichkeiten zu studieren?	Ehrlich gesagt glaube ich nicht, dass es wichtig ist, historische Persönlichkeiten zu studieren. Ich glaube, es ist wichtig, [disfluency]Strukturen zu verstehen, aber die Menschen als Persönlichkeiten sind, glaube ich, nicht so wichtig. Jedenfalls für die Geschichte.	1	fifties	female_feminine	Deutschland Deutsch		German	0	0	0		14.713343480466767	
afb8ea5f4b1d1779300a9cfea9966f0d	72011	spontaneous-speech-de-72011.mp3	8784	7550	Wie wichtig ist dir politische Beteiligung?	Für mich ist politische Beteiligung wichtig. Nur so kann eine Gemeinschaft [disfluency] wachsen und gedeihen.	1	thirties	male_masculine	Deutschland Deutsch		German	0	0	0		10.815118397085609	
e7bc343c81c79090c33a52efb800e2f0	72174	spontaneous-speech-de-72174.mp3	7380	7532	Was ist für dich das Wichtigste in einer Beziehung?	In einer Beziehung ist für mich das Wichtigste, die Ehrlichkeit meiner Partnerin.	1	fourties	male_masculine	Deutschland Deutsch		German	0	0	0		9.48509485094851	
e7bc343c81c79090c33a52efb800e2f0	72175	spontaneous-speech-de-72175.mp3	10512	7496	Liest du gerne Bücher und wenn ja, welche?	Ja ich lese gerne Bücher und zwar hauptsächlich Krimis und ab und zu Fantasy.	1	fourties	male_masculine	Deutschland Deutsch		German	0	0	0		6.0882800608828	
e7bc343c81c79090c33a52efb800e2f0	72176	spontaneous-speech-de-72176.mp3	10368	7495	Welche Jahreszeit magst du am liebsten und warum?	Am liebsten mag ich den Herbst. Und zwar den Anfang des Herbstes, weil es noch angenehm warm ist und gleichzeitig noch nicht kalt.	1	fourties	male_masculine	Deutschland Deutsch		German	0	0	0		10.416666666666666	
e7bc343c81c79090c33a52efb800e2f0	72177	spontaneous-speech-de-72177.mp3	11484	7520	Was war oder ist dein Lieblingsfach in der Schule und warum?	Mein Lieblingsfach in der Schule war Mathematik, hauptsächlich weil es mir einerseits leicht gefallen ist und gleichzeitig es mir Spaß gemacht hat.	0	fourties	male_masculine	Deutschland Deutsch		German	0	0	0		10.9717868338558	
e7bc343c81c79090c33a52efb800e2f0	72178	spontaneous-speech-de-72178.mp3	28476	7530	Welche Gewohnheiten haben dein Leben am meisten verbessert?	Ich arbeite in einem Büro und habe es mir angewöhnt abends nach zwanzig Uhr zirka ne Stunde lang spazieren zu gehen, währenddessen hör ich mir Podcasts an oder Hörbücher und ehm dadurch wenn ich wieder zuhause bin, bin ich ausgepowert und müde und gleichzeitig hab ich Bewegung gekriegt und eh nehme dadurch nicht zu.	0	fourties	male_masculine	Deutschland Deutsch		German	0	0	0		9.270965023177412	
e7bc343c81c79090c33a52efb800e2f0	72179	spontaneous-speech-de-72179.mp3	11556	7511	Wie ist das Wetter in deiner Lieblingsstadt?	Ich lebe in der Nähe der Nordseeküste und gefühlt gibt es immer Wind. Mal mehr, mal weniger.	1	fourties	male_masculine	Deutschland Deutsch		German	0	0	1		6.576670128071997	
e7bc343c81c79090c33a52efb800e2f0	72180	spontaneous-speech-de-72180.mp3	3852	7518	Hast du ein Haustier und wenn ja, welches und warum?	Nein, ich habe kein Haustier.	0	fourties	male_masculine	Deutschland Deutsch		German	0	0	0		6.490134994807892	
c965a49b306662f8846ca98a0e42f9e7	72265	spontaneous-speech-de-72265.mp3	4248	7536	Wenn du ein Tier wärst, welches wärst du und warum?	Wenn du ein Tier wärst, welches wärst du und warum?	1	teens		Deutschland Deutsch		German	0	0	1		9.887005649717514	
c965a49b306662f8846ca98a0e42f9e7	72267	spontaneous-speech-de-72267.mp3	4428	7530	Welche Gewohnheiten haben dein Leben am meisten verbessert?	Welche Gewohnheiten haben dein Leben am meisten verbessert?	0	teens		Deutschland Deutsch		German	0	0	0		11.743450767841011	
c965a49b306662f8846ca98a0e42f9e7	72268	spontaneous-speech-de-72268.mp3	4536	7514	Wie ändert die Nutzung von KI die Gesellschaft?	Wie ändert die Nutzung von KI die Gesellschaft?	0	teens		Deutschland Deutsch		German	0	0	0		8.818342151675484	
c965a49b306662f8846ca98a0e42f9e7	72269	spontaneous-speech-de-72269.mp3	5148	7534	Wenn du für einen Tag unsichtbar wärst, was würdest du tun?	Wenn Du für einen Tag unsichtbar wärst, was würdest Du tun?	0	teens		Deutschland Deutsch		German	0	0	0		9.51825951825952	
c965a49b306662f8846ca98a0e42f9e7	72270	spontaneous-speech-de-72270.mp3	5688	7524	Welche Art von Sport würdest du gerne einmal ausprobieren und warum?	Welche Art von Sport würdest du gerne einmal ausprobieren? Warum?	1	teens		Deutschland Deutsch		German	0	0	0		9.845288326300984	
c965a49b306662f8846ca98a0e42f9e7	72271	spontaneous-speech-de-72271.mp3	3960	7496	Liest du gerne Bücher und wenn ja, welche?	Liest du gerne Bücher? Und wenn ja, welche?	0	teens		Deutschland Deutsch		German	0	0	0		9.090909090909092	
c965a49b306662f8846ca98a0e42f9e7	72273	spontaneous-speech-de-72273.mp3	4500	7535	Wenn du eine Milliarde Euro hättest, was würdest du damit machen?	Wenn du eine Milliarde Euro hättest. Was würdest Du damit machen?	0	teens		Deutschland Deutsch		German	0	0	0		12.222222222222221	
c965a49b306662f8846ca98a0e42f9e7	72274	spontaneous-speech-de-72274.mp3	3960	7521	Welche Art von Essen magst du am meisten und warum?	Welche Art von Essen magst du am meisten und warum?	1	teens		Deutschland Deutsch		German	0	0	0		10.606060606060606	
c965a49b306662f8846ca98a0e42f9e7	72275	spontaneous-speech-de-72275.mp3	3888	7532	Was ist für dich das Wichtigste in einer Beziehung?	Was ist für dich, das wichtigste in einer Beziehung?	0	teens		Deutschland Deutsch		German	0	0	0		11.31687242798354	
c965a49b306662f8846ca98a0e42f9e7	72276	spontaneous-speech-de-72276.mp3	5940	8468	Kannst du dir ein Leben ohne Filme vorstellen, und warum bzw. warum nicht?	Kannst du dir ein Leben ohne Filme vorstellen? Und warum, beziehungsweise warum nicht?	1	teens		Deutschland Deutsch		German	1	0	0		12.457912457912457	
c965a49b306662f8846ca98a0e42f9e7	72277	spontaneous-speech-de-72277.mp3	4716	7551	Welche gesellschaftlichen Veränderungen würdest du gerne sehen?	Welche gesellschaftlichen Veränderungen würdest du gerne sehen?	1	teens		Deutschland Deutsch		German	0	0	0		12.086513994910941	
c965a49b306662f8846ca98a0e42f9e7	72278	spontaneous-speech-de-72278.mp3	4680	7508	Welche Art von Essen würdest du gerne einmal probieren und warum?	Welche Art von Essen würdest Du gerne einmal probieren und warum?	0	teens		Deutschland Deutsch		German	0	0	0		11.752136752136753	
c965a49b306662f8846ca98a0e42f9e7	72279	spontaneous-speech-de-72279.mp3	3240	7506	Kochst du gerne und wenn ja, was?	Kochst du gerne? Und wenn ja was?	0	teens		Deutschland Deutsch		German	0	0	0		8.333333333333332	
c965a49b306662f8846ca98a0e42f9e7	72280	spontaneous-speech-de-72280.mp3	3780	7541	Wie siehst du die Zukunft deiner Branche?	Wie siehst Du die Zukunft deiner Branche?	0	teens		Deutschland Deutsch		German	0	0	0		9.25925925925926	
c965a49b306662f8846ca98a0e42f9e7	72281	spontaneous-speech-de-72281.mp3	4536	8587	Welches Werkzeug benutzt du gerne im Haushalt und warum?	Welches Werkzeug benutzt du gerne im Haushalt und warum?	1	teens		Deutschland Deutsch		German	1	0	1		10.58201058201058	
c965a49b306662f8846ca98a0e42f9e7	72282	spontaneous-speech-de-72282.mp3	3636	7503	Was ist dein Lieblingsgericht und warum?	Was ist dein Lieblingsgericht und warum?	0	teens		Deutschland Deutsch		German	0	0	0		9.625962596259626	
c965a49b306662f8846ca98a0e42f9e7	72283	spontaneous-speech-de-72283.mp3	5400	7540	Welche Fähigkeiten sind deiner Meinung nach am wichtigsten für den beruflichen Erfolg?	Welche Fähigkeiten sind deiner Meinung nach am wichtigsten für den beruflichen Erfolg?	1	teens		Deutschland Deutsch		German	0	0	0		13.888888888888888	
c965a49b306662f8846ca98a0e42f9e7	72284	spontaneous-speech-de-72284.mp3	3348	7502	Welche Farbe magst du am meisten und warum?	Welche Farbe magst du am meisten und warum?	1	teens		Deutschland Deutsch		German	0	0	0		10.752688172043012	
c965a49b306662f8846ca98a0e42f9e7	72285	spontaneous-speech-de-72285.mp3	4356	8732	Fährst du im Urlaub lieber an neue oder an bekannte Orte?	Fährst du im Urlaub lieber an neue oder an bekannte Orte.	1	teens		Deutschland Deutsch		German	1	0	0		10.78971533516988	
c965a49b306662f8846ca98a0e42f9e7	72286	spontaneous-speech-de-72286.mp3	4788	8588	Magst du lieber den Herbst oder den Frühling, und warum ist das so?	Magst Du lieber den Herbst oder den Frühling? Und warum ist das so?	0	teens		Deutschland Deutsch		German	1	0	0		11.487050960735171	
c965a49b306662f8846ca98a0e42f9e7	72287	spontaneous-speech-de-72287.mp3	5688	8737	Wenn Sie ein weiteres Zimmer geschenkt bekämen, wofür würden Sie es nutzen?	Wenn Sie in weiteres Zimmer geschenkt bekämen, wofür würden Sie es nutzen?	0	teens		Deutschland Deutsch		German	1	0	0		11.075949367088608	
c965a49b306662f8846ca98a0e42f9e7	72288	spontaneous-speech-de-72288.mp3	4500	7520	Was war oder ist dein Lieblingsfach in der Schule und warum?	Was war oder ist dein Lieblingsfach in der Schule? Und warum?	0	teens		Deutschland Deutsch		German	0	0	0		11.333333333333334	
c965a49b306662f8846ca98a0e42f9e7	72289	spontaneous-speech-de-72289.mp3	6588	8734	"Wie viel schreiben Sie noch ""mit der Hand"", d.h. mit Füller oder Kugelschreiber aus Papier?"	Wieviel schreiben Sie noch mit der Hand? Das heißt mit Füller oder Kugelschreiber aufs Papier.	0	teens		Deutschland Deutsch		German	1	1	0		12.143290831815422	
c965a49b306662f8846ca98a0e42f9e7	72290	spontaneous-speech-de-72290.mp3	3240	8735	Verlieren Sie Regenschirme oder kommt das nicht vor?	Verlieren Sie Regenschirme? Oder kommt das nicht vor.	0	teens		Deutschland Deutsch		German	1	0	0		14.19753086419753	
c965a49b306662f8846ca98a0e42f9e7	72291	spontaneous-speech-de-72291.mp3	3636	7505	Welche Art von Filmen magst du und warum?	Welche Art von Film magst Du? Und warum?	0	teens		Deutschland Deutsch		German	0	0	0		9.075907590759076	
04b3e05f76df5fa0207ae2ff068c3171	72414	spontaneous-speech-de-72414.mp3	8172	7553	Welches historische Ereignis hat dich am meisten beeinflusst und warum?	Der Fall der Berliner Mauer, weil er das Ende einer jahrzehntelangen Unrechtsherrschaft war.	1	fourties	male_masculine	Schweizerdeutsch		German	0	0	1		9.78952520802741	
c01cbc7c6d5190e3a9f33e5afaa04ecd	72432	spontaneous-speech-de-72432.mp3	18900	7524	Welche Art von Sport würdest du gerne einmal ausprobieren und warum?	Gleitschirmfliegen, weil das Fliegen über der Erde glaub ich schon sehr interessant ist und eh für mich glaub ich nen ganz neues Erlebnis wäre. Aber das ist nicht so einfach weil man dafür ja nen Schein machen muss und so weiter und nur mitfliegen ist glaube ich nicht so cool, wie wenn man das selbst machen könnte.	0	twenties	male_masculine	Deutschland Deutsch		German	0	0	0		13.756613756613755	
c01cbc7c6d5190e3a9f33e5afaa04ecd	72433	spontaneous-speech-de-72433.mp3	9576	8735	Verlieren Sie Regenschirme oder kommt das nicht vor?	Doch, das ist mir schon einige Male passiert, dass ich die in der Arbeit liegen gelassen habe oder bei Restaurants stehen gelassen habe.	1	twenties	male_masculine	Deutschland Deutsch		German	1	0	1		11.904761904761903	
c01cbc7c6d5190e3a9f33e5afaa04ecd	72434	spontaneous-speech-de-72434.mp3	8712	7503	Was ist dein Lieblingsgericht und warum?	Maultaschen, weil ich sowohl den herzhaften Geschmack als auch die Füllung sehr mag und man die in verschiedenen Arten zubereiten kann.	0	twenties	male_masculine	Deutschland Deutsch		German	0	0	0		13.20018365472911	
51845105f8c70db59acd7508d250fb87	72688	spontaneous-speech-de-72688.mp3	16848	8587	Welches Werkzeug benutzt du gerne im Haushalt und warum?		0	fifties	female_feminine			German	1	0	0			
51845105f8c70db59acd7508d250fb87	72693	spontaneous-speech-de-72693.mp3	20268	8464	Wo stehen die Bücher in Deiner bzw. Ihrer Wohnung?		0	fifties	female_feminine			German	1	0	0			
51845105f8c70db59acd7508d250fb87	72698	spontaneous-speech-de-72698.mp3	26784	7543	Welche Herausforderungen siehst du in deiner aktuellen Position?		0	fifties	female_feminine			German	0	0	0			
51845105f8c70db59acd7508d250fb87	72700	spontaneous-speech-de-72700.mp3	25236	7528	Wenn du eine Zeitmaschine hättest, in welche Zeit würdest du reisen und warum?		0	fifties	female_feminine			German	0	0	0			
51845105f8c70db59acd7508d250fb87	72703	spontaneous-speech-de-72703.mp3	38448	7509	Welche Art von Musik würdest du gerne einmal live sehen und warum?		0	fifties	female_feminine			German	0	0	0			
51845105f8c70db59acd7508d250fb87	72704	spontaneous-speech-de-72704.mp3	22968	7501	Welches Tier magst du am meisten und warum?		0	fifties	female_feminine			German	0	0	0			
51845105f8c70db59acd7508d250fb87	72706	spontaneous-speech-de-72706.mp3	26388	8470	Kannst du dir ein Leben ohne Farben vorstellen, und warum bzw. warum nicht?		0	fifties	female_feminine			German	1	0	0			
51845105f8c70db59acd7508d250fb87	72707	spontaneous-speech-de-72707.mp3	25488	7540	Welche Fähigkeiten sind deiner Meinung nach am wichtigsten für den beruflichen Erfolg?		0	fifties	female_feminine			German	0	0	0			
51845105f8c70db59acd7508d250fb87	72709	spontaneous-speech-de-72709.mp3	27036	8465	Was machst du mit Kleidung, die alt und unschön geworden ist?		0	fifties	female_feminine			German	1	0	0			
51845105f8c70db59acd7508d250fb87	72711	spontaneous-speech-de-72711.mp3	15336	7522	Welche Art von Kleidung trägst du am liebsten und warum?		0	fifties	female_feminine			German	0	0	0			
51845105f8c70db59acd7508d250fb87	72796	spontaneous-speech-de-72796.mp3	36756	7517	Was findest du, denkt die Gesellschaft über den Klimawandel?		0	fifties	female_feminine			German	0	0	0			
51845105f8c70db59acd7508d250fb87	72797	spontaneous-speech-de-72797.mp3	19368	7502	Welche Farbe magst du am meisten und warum?		0	fifties	female_feminine			German	0	0	0			
51845105f8c70db59acd7508d250fb87	72798	spontaneous-speech-de-72798.mp3	20952	7513	Welchen Sport machst du am liebsten und warum?		0	fifties	female_feminine			German	0	0	0			
51845105f8c70db59acd7508d250fb87	72799	spontaneous-speech-de-72799.mp3	29304	7516	Warum ist es wichtig, verschiedene Hobbys zu haben?		0	fifties	female_feminine			German	0	0	0			
51845105f8c70db59acd7508d250fb87	72800	spontaneous-speech-de-72800.mp3	12924	7519	Welche Sprache würdest du gerne lernen und warum?		0	fifties	female_feminine			German	0	0	0			
51845105f8c70db59acd7508d250fb87	72801	spontaneous-speech-de-72801.mp3	19224	7512	Wohin würdest du gerne einmal fahren und warum?		0	fifties	female_feminine			German	0	0	0			
609928240661bcce6a33be826da78831	73975	spontaneous-speech-de-73975.mp3	4788	7511	Wie ist das Wetter in deiner Lieblingsstadt?	In meiner Lieblingsstadt regnet es viel zu viel, das Wetter nervt mich also total.	1	teens		Deutschland Deutsch		German	0	0	0		14.411027568922306	
51845105f8c70db59acd7508d250fb87	74854	spontaneous-speech-de-74854.mp3	26136	7526	Welche Art von Unterkünften bevorzugst du beim Reisen (Hotel, Airbnb, Camping etc.) und warum?		0	fifties	female_feminine			German	0	0	0			
51845105f8c70db59acd7508d250fb87	74855	spontaneous-speech-de-74855.mp3	51588	7520	Was war oder ist dein Lieblingsfach in der Schule und warum?		0	fifties	female_feminine			German	0	0	0			
51845105f8c70db59acd7508d250fb87	74856	spontaneous-speech-de-74856.mp3	23688	7552	Wie siehst du die Zukunft der Arbeit in einer digitalen Welt?	Für mich ist die Zukunft von der Arbeit mehr im Handwerk zu finden, als im Digitalen. Das heißt, die die etwas mit der Hand arbeiten können, was man noch braucht von hand gearbeitet, die haben eine grosse Zukunft in der Arbeit.	0	fifties	female_feminine			German	0	0	1		7.894292468760554	
51845105f8c70db59acd7508d250fb87	74858	spontaneous-speech-de-74858.mp3	22608	7539	Was magst du an deinem Beruf am meisten?		0	fifties	female_feminine			German	0	0	0			
51845105f8c70db59acd7508d250fb87	74859	spontaneous-speech-de-74859.mp3	27324	7508	Welche Art von Essen würdest du gerne einmal probieren und warum?		0	fifties	female_feminine			German	0	0	0			
51845105f8c70db59acd7508d250fb87	74860	spontaneous-speech-de-74860.mp3	24552	8734	"Wie viel schreiben Sie noch ""mit der Hand"", d.h. mit Füller oder Kugelschreiber aus Papier?"		0	fifties	female_feminine			German	1	1	0			
51845105f8c70db59acd7508d250fb87	74862	spontaneous-speech-de-74862.mp3	16272	7523	Welche Art von Musikinstrument möchtest du gerne spielen können und warum?		0	fifties	female_feminine			German	0	0	0			
51845105f8c70db59acd7508d250fb87	74863	spontaneous-speech-de-74863.mp3	17784	7532	Was ist für dich das Wichtigste in einer Beziehung?		0	fifties	female_feminine			German	0	0	0			
51845105f8c70db59acd7508d250fb87	74864	spontaneous-speech-de-74864.mp3	17676	7535	Wenn du eine Milliarde Euro hättest, was würdest du damit machen?		0	fifties	female_feminine			German	0	0	0			
51845105f8c70db59acd7508d250fb87	74865	spontaneous-speech-de-74865.mp3	19116	7499	Was ist dein Lieblingsgetränk und warum?		0	fifties	female_feminine			German	0	0	0			
51845105f8c70db59acd7508d250fb87	74866	spontaneous-speech-de-74866.mp3	32760	7496	Liest du gerne Bücher und wenn ja, welche?		0	fifties	female_feminine			German	0	0	0			
51845105f8c70db59acd7508d250fb87	74867	spontaneous-speech-de-74867.mp3	19332	8468	Kannst du dir ein Leben ohne Filme vorstellen, und warum bzw. warum nicht?		0	fifties	female_feminine			German	1	0	0			
51845105f8c70db59acd7508d250fb87	74868	spontaneous-speech-de-74868.mp3	28260	8733	Was ist der älteste Gegenstand in Ihrem Besitz?		0	fifties	female_feminine			German	1	0	0			
51845105f8c70db59acd7508d250fb87	74869	spontaneous-speech-de-74869.mp3	34668	7547	Welche Fähigkeiten sollten deiner Meinung nach in der Schule mehr gefördert werden?		0	fifties	female_feminine			German	0	0	0			
51845105f8c70db59acd7508d250fb87	74870	spontaneous-speech-de-74870.mp3	19116	7527	Wenn du eine berühmte Person treffen könntest, wer wäre das und warum?		0	fifties	female_feminine			German	0	0	0			
51845105f8c70db59acd7508d250fb87	74871	spontaneous-speech-de-74871.mp3	15912	7500	Welche Sportart schaust du am liebsten und warum?		0	fifties	female_feminine			German	0	0	0			
51845105f8c70db59acd7508d250fb87	74872	spontaneous-speech-de-74872.mp3	11952	7510	Welche Art von Kunst würdest du gerne einmal schaffen und warum?		0	fifties	female_feminine			German	0	0	0			
51845105f8c70db59acd7508d250fb87	74873	spontaneous-speech-de-74873.mp3	18720	7538	Wenn du die Welt verändern könntest, was würdest du als erstes tun?		0	fifties	female_feminine			German	0	0	0			
51845105f8c70db59acd7508d250fb87	74874	spontaneous-speech-de-74874.mp3	19188	7504	Welche Art von Wetter magst du am liebsten und warum?		0	fifties	female_feminine			German	0	0	0			
51845105f8c70db59acd7508d250fb87	74875	spontaneous-speech-de-74875.mp3	18792	8466	Hast du eine Lieblingsfarbe?		0	fifties	female_feminine			German	1	0	0			
3785ce9073164fae848e2beff4115e49	76308	spontaneous-speech-de-76308.mp3	11988	8734	"Wie viel schreiben Sie noch ""mit der Hand"", d.h. mit Füller oder Kugelschreiber aus Papier?"	Ich schreibe gar nicht mehr mit Füller und auch nicht mit dem Kugelschreiber sondern nur mit dem eh Bleistift.	0	fifties	female_feminine	Deutschland Deutsch		German	1	1	0		7.674341007674341	
6e19c5438076b89950ea686f9d33893e	78287	spontaneous-speech-de-78287.mp3	10152	7540	Welche Fähigkeiten sind deiner Meinung nach am wichtigsten für den beruflichen Erfolg?	Für beruflichen Erfolg sind am wichtigsten: Kreativität, Flexibilität, Ehrgeiz, Teamgeist.	0	sixties	female_feminine			German	0	0	0		7.978723404255319	
6e19c5438076b89950ea686f9d33893e	78288	spontaneous-speech-de-78288.mp3	13644	7519	Welche Sprache würdest du gerne lernen und warum?	Ich würde gerne französisch lernen weil ich Sie im Urlaub gut anwenden könnte, weil Sie eine melodische Sprache ist und weil viele Franzosen leider kein Englisch sprechen.	0	sixties	female_feminine			German	0	0	0		10.627381999413661	
6e19c5438076b89950ea686f9d33893e	78289	spontaneous-speech-de-78289.mp3	7596	8737	Wenn Sie ein weiteres Zimmer geschenkt bekämen, wofür würden Sie es nutzen?	Wenn ich ein weiteres Zimmer geschenkt bekäme, würde ich es als Sport- und Gymnastikraum nutzen.	1	sixties	female_feminine			German	1	0	1		10.795155344918378	
6e19c5438076b89950ea686f9d33893e	78290	spontaneous-speech-de-78290.mp3	16200	8468	Kannst du dir ein Leben ohne Filme vorstellen, und warum bzw. warum nicht?	Ich [unclear] Leben ohne Film vorstellen, weil ich gerne Bücher lese und ich mir in diesen Büchern, die Umgebung, das Aussehen der Figuren und so weiter, in meinem Kopf selbst [unclear] erschaffen kann.	0	sixties	female_feminine			German	1	0	0		10.493827160493828	
6e19c5438076b89950ea686f9d33893e	78291	spontaneous-speech-de-78291.mp3	26352	7539	Was magst du an deinem Beruf am meisten?	Ich mag in mein Beruf den Umgang mit Menschen am liebsten, es macht mir Spaß zu sehen wie sich Kinder entwickeln und wie aus unreifen jungen Menschen, reife Erwachsene werden. Es macht mir sehr viel Spaß jeden Tag etwas neues tun zu können, mich auf neue Situationen einzustellen, flexibel zu bleiben und das erhält mich jung.	0	sixties	female_feminine			German	0	0	0		10.283849423193685	
6e19c5438076b89950ea686f9d33893e	78292	spontaneous-speech-de-78292.mp3	5148	8735	Verlieren Sie Regenschirme oder kommt das nicht vor?	Ich feure eigentlich nie Regenschirme.	0	sixties	female_feminine			German	1	0	0		6.6045066045066045	
6e19c5438076b89950ea686f9d33893e	78293	spontaneous-speech-de-78293.mp3	16020	8469	Kannst du dir ein Leben ohne Bücher vorstellen, und warum bzw. warum nicht?	Leben ohne Bücher kann ich mir nicht vorstellen. Bücher befähigen uns zum abstrakten Denken, Sie regen unsre Fantasie an, Sie helfen uns, uns zu entspannen und Sie bilden uns.	0	sixties	female_feminine			German	1	0	0		9.176029962546817	
6e19c5438076b89950ea686f9d33893e	78294	spontaneous-speech-de-78294.mp3	26244	8734	"Wie viel schreiben Sie noch ""mit der Hand"", d.h. mit Füller oder Kugelschreiber aus Papier?"	Ich schreibe noch viel mit dem Füller, beziehungsweise dem Kuli, weil der Schreibprozess viel schneller geht. Weil ich es so gelernt habe und weil ich glaube das die Gedanken besser fließen, wenn Sie aus der Hand kommen weil Hand und Geist eine Verbindung haben. Ich möchte nicht alles mit der Tastatur schreiben, weil ich diese Tastaturerstellten Texte entfremdet finde.	0	sixties	female_feminine			German	1	1	0		11.92653558908703	
6e19c5438076b89950ea686f9d33893e	78295	spontaneous-speech-de-78295.mp3	9468	7504	Welche Art von Wetter magst du am liebsten und warum?	Mag am liebsten mildes sonniges Wetter um die 25 Grad mit kühlen Nächten damit man entspannt schlafen kann.	0	sixties	female_feminine			German	0	0	0		9.505703422053232	
6e19c5438076b89950ea686f9d33893e	78296	spontaneous-speech-de-78296.mp3	13644	8731	Hat dir jemand Kochen beigebracht, und wenn ja, wer?	Glaube das Leben hat mir kochen beigebracht, Ich habe allmählich durch viel Übung gut kochen gelernt. Hin und wieder nutze ich Rezepte und hin und wieder koche ich ganz frei.	0	sixties	female_feminine			German	1	0	0		10.627381999413661	
6e19c5438076b89950ea686f9d33893e	78298	spontaneous-speech-de-78298.mp3	9288	8464	Wo stehen die Bücher in Deiner bzw. Ihrer Wohnung?	In meiner Wohnung stehen die Bücher im Wohnzimmer und im Arbeitszimmer. Auch in der Küche finden sich die Kochbücher.	1	sixties	female_feminine			German	1	0	0		10.65891472868217	
6e19c5438076b89950ea686f9d33893e	78299	spontaneous-speech-de-78299.mp3	16236	8587	Welches Werkzeug benutzt du gerne im Haushalt und warum?	Ich [unclear] in meiner Küche ein kleines Bittermesser gern und ein großes Kochmesser, diese beiden Messer ermöglichen mir alles präzise und schnell zu schneiden und ich habe weil ich keine Maschine benutzte anschließend nicht so viel Arbeit mit dem spülen.	0	sixties	female_feminine			German	1	0	0		13.426952451342695	
6e19c5438076b89950ea686f9d33893e	78300	spontaneous-speech-de-78300.mp3	20628	7549	Was denkst du über die aktuelle Debatte um Datenschutz?	Ich finde [noise] Datenschutz sehr wichtig. Allerdings denke ich, dass wir hier in Deutschland stellenweise damit auch, mit zu viel Datenschutz, auch eine wichtige technische Entwicklung verhindern. Hier müsste man ein gutes Mittelmaß finden.	1	sixties	female_feminine			German	0	0	1		10.131859608299399	
6e19c5438076b89950ea686f9d33893e	78301	spontaneous-speech-de-78301.mp3	11808	7501	Welches Tier magst du am meisten und warum?	Ich mag Hunde am meisten, weil Sie treue Lebensgefährten sind.	0	sixties	female_feminine			German	0	0	0		4.488482384823849	
6e19c5438076b89950ea686f9d33893e	78302	spontaneous-speech-de-78302.mp3	13824	7495	Welche Jahreszeit magst du am liebsten und warum?	Meine [unclear] Jahreszeit ist der Frühling, weil es dann allmählich beginnt warm zu werden aber eben nicht so warm, weil alles beginnt zu grünen und zu blühen und daran kann ich mich erfreuen.	1	sixties	female_feminine			German	0	0	0		11.646412037037036	
6e19c5438076b89950ea686f9d33893e	78303	spontaneous-speech-de-78303.mp3	28008	7546	Wie siehst du die Zukunft der Bildung?	Im Moment geb ich der Zukunft der Bildung keine guten Chancen, ich glaube es wird wie viel zu wenig in Bildung investiert und ich glaube das die Kinder und Jugendlichen mit den ganzen Social Media so überfordert sind das Ihre Gehirne gar nicht mehr richtig funktionieren. Ich glaube ehm das, dass nicht sehr günstig ist.	0	sixties	female_feminine			German	0	0	0		9.497286489574408	
6e19c5438076b89950ea686f9d33893e	78304	spontaneous-speech-de-78304.mp3	21096	7526	Welche Art von Unterkünften bevorzugst du beim Reisen (Hotel, Airbnb, Camping etc.) und warum?	Ich bevorzuge auf Reisen alle Arten von Unterkünften in den ich mich selber und frei bewegen kann zum Beispiel Ferienhäuser aber ich liebe auch das Reisen im Camper weil ich dort ein größ ein großmöglichen Freiraum habe, so zu leben wie ich möchte.	0	sixties	female_feminine			German	0	0	0		9.764884338263178	
6e19c5438076b89950ea686f9d33893e	78306	spontaneous-speech-de-78306.mp3	5256	8466	Hast du eine Lieblingsfarbe?	Meine Lieblingsfarbe ist rot.	1	sixties	female_feminine			German	1	0	0		4.946727549467275	
6e19c5438076b89950ea686f9d33893e	78307	spontaneous-speech-de-78307.mp3	19944	7548	Wie siehst du die Rolle der sozialen Medien in der heutigen Gesellschaft?	Die sonalen Medien sind Fluch und Segen zugleich. Segen weil man mit vielen Leuten sehr schnell in Kontakt treten kann. Fluch weil Sie uns unserer Natürlichkeit berauben, unserer natürlichen Beziehungen und unserer Kommunikationsfähigkeit.	0	sixties	female_feminine			German	0	0	0		10.379061371841155	
6e19c5438076b89950ea686f9d33893e	78308	spontaneous-speech-de-78308.mp3	5004	7530	Welche Gewohnheiten haben dein Leben am meisten verbessert?	Ich will jeden morgen Frühsport, das hält mich gesund.	0	sixties	female_feminine			German	0	0	0		9.192645883293364	
6e19c5438076b89950ea686f9d33893e	78309	spontaneous-speech-de-78309.mp3	6516	7532	Was ist für dich das Wichtigste in einer Beziehung?	Das wichtigste in einer Beziehung ist für mich, vertrauen.	0	sixties	female_feminine			German	0	0	0		7.673419275629221	
6e19c5438076b89950ea686f9d33893e	78310	spontaneous-speech-de-78310.mp3	16524	7496	Liest du gerne Bücher und wenn ja, welche?	Ich les sehr gerne und viele Bücher, am meisten liebe ich historische Romane, weil wenn Sie gut recherchiert sind Sie mir viel Einblick in das Leben von Generationen vor uns geben.	0	sixties	female_feminine			German	0	0	0		9.077705156136528	
6e19c5438076b89950ea686f9d33893e	78312	spontaneous-speech-de-78312.mp3	22248	7553	Welches historische Ereignis hat dich am meisten beeinflusst und warum?	Mich hat eisten der Reaktorunfall von Tschernobyl beeinflusst, weil ich von da angefangen hab überhaupt über die Rolle von Atomkraft nachzudenken. Und auch über die Rolle nachzudenken was ich in meinen Körper aufnehme, was ich esse, wie sauber unsre Nahrungsmittel sein sollen.	0	sixties	female_feminine			German	0	0	0		10.60769507371449	
6e19c5438076b89950ea686f9d33893e	78313	spontaneous-speech-de-78313.mp3	7812	7517	Was findest du, denkt die Gesellschaft über den Klimawandel?	Ich glaube das große Teile unser Gesellschaft den Klimawandel nicht ernst genug nehmen.	0	sixties	female_feminine			German	0	0	0		9.600614439324117	
6e19c5438076b89950ea686f9d33893e	78314	spontaneous-speech-de-78314.mp3	29232	7514	Wie ändert die Nutzung von KI die Gesellschaft?	[unclear]  s kann ich leider noch nicht gut einschätzen aber ich befürchte das die KI unsere Gesellschaft nicht zu unseren Vorteil entwickelt. Was ich vor allen Dingen sehe, im unkritischen Gebrauch und in der unkritischen Anwendung von KI wird sozusagen die die ehm Abhängigkeit größer werden und auch die Unfähigkeit der Menschen selbstständig zu denken und kreativ etwas weiter zu befördern.	0	sixties	female_feminine			German	0	0	0		11.391625615763546	
b05e9b60f60b9bd8c8ecc7b7b3273bd5	79000	spontaneous-speech-de-79000.mp3	4212	9275	Gehen Sie bewusst mit dem Verbrauch von Wasser um?	Ja, ziemlich.	0	sixties		Deutschland Deutsch		German	1	0	0		2.8490028490028494	transcription-length
b05e9b60f60b9bd8c8ecc7b7b3273bd5	79001	spontaneous-speech-de-79001.mp3	8712	9272	Halten Sie ein Handyverbot an einer Grundschule für sinnvoll?	... Ich bin mir da nicht sicher, aber ich glaube schon das Kinder in dem Alter kein Handy brauchen.	0	sixties		Deutschland Deutsch		German	1	0	0		9.297520661157025	
b05e9b60f60b9bd8c8ecc7b7b3273bd5	79002	spontaneous-speech-de-79002.mp3	3564	8470	Kannst du dir ein Leben ohne Farben vorstellen, und warum bzw. warum nicht?	Ne, kann ich mir nicht vorstellen.	0	sixties		Deutschland Deutsch		German	1	0	0		8.13692480359147	
b05e9b60f60b9bd8c8ecc7b7b3273bd5	79003	spontaneous-speech-de-79003.mp3	7956	7543	Welche Herausforderungen siehst du in deiner aktuellen Position?	Ist Berufsposition gemeint? Hm, damit umzugehen das der Chef nicht mitzieht.	0	sixties		Deutschland Deutsch		German	0	0	0		8.295625942684765	
b05e9b60f60b9bd8c8ecc7b7b3273bd5	79004	spontaneous-speech-de-79004.mp3	12168	7540	Welche Fähigkeiten sind deiner Meinung nach am wichtigsten für den beruflichen Erfolg?	Das kommt drauf an in was für ner Firma, obs ne Ellenbogenfirma ist, dann brauchst du Ellenbogen. Wenns ne Firma ist wos um Menschen geht, dann brauchst Du Einfühlungsvermögen und Interesse an anderen.	0	sixties		Deutschland Deutsch		German	0	0	0		13.888888888888888	
b05e9b60f60b9bd8c8ecc7b7b3273bd5	79005	spontaneous-speech-de-79005.mp3	6228	7535	Wenn du eine Milliarde Euro hättest, was würdest du damit machen?	Mich von einer sozialökologischen Bank beraten lassen.	0	sixties		Deutschland Deutsch		German	0	0	0		7.707129094412331	
b05e9b60f60b9bd8c8ecc7b7b3273bd5	79006	spontaneous-speech-de-79006.mp3	5508	7532	Was ist für dich das Wichtigste in einer Beziehung?	Interesse am anderen und Einfühlungsvermögen.	1	sixties		Deutschland Deutsch		German	0	0	0		7.443718228031954	
b05e9b60f60b9bd8c8ecc7b7b3273bd5	79007	spontaneous-speech-de-79007.mp3	3204	9273	Haben Sie eine Meinung zum Tragen von Schuluniformen?	... Nein ...	0	sixties		Deutschland Deutsch		German	1	0	0		3.121098626716604	
b05e9b60f60b9bd8c8ecc7b7b3273bd5	79008	spontaneous-speech-de-79008.mp3	3564	7550	Wie wichtig ist dir politische Beteiligung?	Sehr wichtig.	0	sixties		Deutschland Deutsch		German	0	0	0		3.3670033670033668	
b05e9b60f60b9bd8c8ecc7b7b3273bd5	79009	spontaneous-speech-de-79009.mp3	9324	7498	Was ist dein Lieblingsfilm und warum?	Die Brücke von Bernhard Wicki, der hat mich dazu gebracht zu verstehen wie idiotisch Soldatenwesen is.	0	sixties		Deutschland Deutsch		German	0	0	0		9.330759330759332	
767c7493681bfee92477f38d77315871	79404	spontaneous-speech-de-79404.mp3	14400	7496	Liest du gerne Bücher und wenn ja, welche?	Ja, ich les' gern Hörbücher, eh, normalerweis Fantasy oder Sience Fiction. Das letzte Hörbuch und das letzte Buch Buch das ich tatsächlich gelesen hab war Perry Rhodan-Silberband.	0	thirties		Deutschland Deutsch		German	0	0	1		10.625	
767c7493681bfee92477f38d77315871	79405	spontaneous-speech-de-79405.mp3	32328	7531	Wie bleibst du motiviert, wenn du auf Hindernisse stößt?	Ja normalerweise schon, Hindernisse motivieren mich eher sogar ehm weils ichs dann halt Herausforderung seh. [unclear] Also es kommt immer drauf an es kann einmal sein, das Hindernisse ja frustrierend wirken und ich dann einfach mal nen Tag oder was brauch. Aber Ja. Ich ne ich versuch mich dann immer zu motivieren und beiß mich meistens dann fest. Und wenn ich mich mal fest gebissen hab, dann gute Nacht.	0	thirties		Deutschland Deutsch		German	0	0	0		10.486265775798069	
767c7493681bfee92477f38d77315871	79406	spontaneous-speech-de-79406.mp3	7308	7537	Wenn du auf einer einsamen Insel strandest, welche drei Dinge würdest du mitnehmen?	Nen Feuerstein, was zu Essen und nen Funkgerät	0	thirties		Deutschland Deutsch		German	0	0	0		5.336617405582923	
767c7493681bfee92477f38d77315871	79407	spontaneous-speech-de-79407.mp3	6696	8467	Wie oft kochst du, und warum?	Also ich koch relativ häufig, tatsächlich und das liegt einfach daran das ich in letzter Zeit alleine lebe.	0	thirties		Deutschland Deutsch		German	1	0	0		13.440860215053764	
767c7493681bfee92477f38d77315871	79408	spontaneous-speech-de-79408.mp3	14796	7543	Welche Herausforderungen siehst du in deiner aktuellen Position?		0	thirties		Deutschland Deutsch		German	0	0	0			
767c7493681bfee92477f38d77315871	79409	spontaneous-speech-de-79409.mp3	12636	9274	Haben Sie schon einmal nachgerechnet, wie viele Software-Lösungen Sie auf Ihrem Computer nutzen?	Tatsächlich noch nicht. Aber ne gute Schätzung wär so an die fünfzig oder hundert  mindest also allein allein selbst installierte Software mindestens fünfzig.	0	thirties		Deutschland Deutsch		German	1	0	0		10.683760683760683	
767c7493681bfee92477f38d77315871	79411	spontaneous-speech-de-79411.mp3	22140	8468	Kannst du dir ein Leben ohne Filme vorstellen, und warum bzw. warum nicht?	Tatsächlich ja, solang es [unclear] Bücher gibt alles gut. Solang es Bücher gibt, Hörspiele, hab ich gar kein Problem mit wenns keine Filme mehr gibt. Wozu? Ja ehm. Die Fantasy, tatsächlich ist es eigentlich sogar interessanter in in in eine Welt wirklich abzutauchen indem man ein Buch liest als nen Film zu gucken.	0	thirties		Deutschland Deutsch		German	1	0	0		11.924119241192411	
767c7493681bfee92477f38d77315871	79412	spontaneous-speech-de-79412.mp3	23220	7519	Welche Sprache würdest du gerne lernen und warum?	Das ne gute Frage. Wahrscheinlich echt, das hört sich jetzt dämlich das hört sich jetzt komisch an aber tatsächlich Mandarin. Ich würd echt gern Mandarin können, das wär cool. Weils auch halt sehr sehr sehr viele Türen öffnet. Grade in nahen os in nach Fernost.	0	thirties		Deutschland Deutsch		German	0	0	0		9.34539190353144	
767c7493681bfee92477f38d77315871	79413	spontaneous-speech-de-79413.mp3	25308	8733	Was ist der älteste Gegenstand in Ihrem Besitz?	Das ist ne gute Frage: Der älteste Gegenstand in meinem Besitz... Da könnt ich spontan jetzt gar nichts sagen. Aber definitiv würde ich sagen, in meinem Besitz... Ja, doch, doch! Ich hab was. Dürfte einer der Teller sein von meiner Mom.	0	thirties		Deutschland Deutsch		German	1	0	1		7.744586691955113	
767c7493681bfee92477f38d77315871	79414	spontaneous-speech-de-79414.mp3	10548	7502	Welche Farbe magst du am meisten und warum?	Die Farbe Blau oder ja genau so so Aquamarinblau eh, weil mein Fahrz mein Auto auch so auch die gleiche Farbe hat.	0	thirties		Deutschland Deutsch		German	0	0	0		8.816837315130831	
767c7493681bfee92477f38d77315871	79415	spontaneous-speech-de-79415.mp3	9180	7551	Welche gesellschaftlichen Veränderungen würdest du gerne sehen?	Also ich würd gern mal [unclear] Frankreich Frankreich erkunden wär cool, mal als Roadtrip durch Frankreich.	0	thirties		Deutschland Deutsch		German	0	0	0		10.130718954248366	
767c7493681bfee92477f38d77315871	79416	spontaneous-speech-de-79416.mp3	15768	7500	Welche Sportart schaust du am liebsten und warum?	Kommunikation und Ehrlichkeit und tatsächlich das man ... gegenseitig sich wertschätzt. Ja es muss jetzt keine riesengroße Geste sein aber Ja.	0	thirties		Deutschland Deutsch		German	0	0	0		7.737189244038559	
767c7493681bfee92477f38d77315871	79417	spontaneous-speech-de-79417.mp3	7740	8736	Wie heißt die letzte Autorin, von der Sie ein Buch gelesen haben, und hat Ihnen das Buch gefallen?		0	thirties		Deutschland Deutsch		German	1	0	0			
767c7493681bfee92477f38d77315871	79418	spontaneous-speech-de-79418.mp3	7380	7529	Welche Ziele hast du dir für die nächsten fünf Jahre gesetzt?	Blau, einfach nur Blau.	0	thirties		Deutschland Deutsch		German	0	0	0		2.710027100271003	transcription-length
767c7493681bfee92477f38d77315871	79420	spontaneous-speech-de-79420.mp3	20448	7515	Warum denkst du, ist es wichtig, verschiedene historische Persönlichkeiten zu studieren?	Also ich finds genrell wichtig, dass man Geschichte analysiert, auch Personen in der Geschichte analysiert. Ja Ihr Handeln analysiert. Um Fehler zu vermeiden und um auch Ja ehm, früher war nicht alles schlecht, ja und eventuell auch was neues zu lernen.	0	thirties		Deutschland Deutsch		German	0	0	0		10.416666666666666	
767c7493681bfee92477f38d77315871	79421	spontaneous-speech-de-79421.mp3	4788	7507	Welche Art von Hobby würdest du gerne einmal ausprobieren und warum?	Äh tatsächlich, Fallschirmspringen, Fallschirmspringen absolut Bock.	1	thirties		Deutschland Deutsch		German	0	0	0		13.157894736842104	
767c7493681bfee92477f38d77315871	79422	spontaneous-speech-de-79422.mp3	3780	7511	Wie ist das Wetter in deiner Lieblingsstadt?	Aktuell? Hier regnerisch und trüb.	0	thirties		Deutschland Deutsch		German	0	0	0		7.936507936507936	
767c7493681bfee92477f38d77315871	79423	spontaneous-speech-de-79423.mp3	28620	7538	Wenn du die Welt verändern könntest, was würdest du als erstes tun?	Das erste [unclear] das ich tun würde wär, wenn ich wirklich alles tun könnte und die Welt verändern könnte. Ich würde eigentlich nur zwei Gefühle abschaffen in den Menschen oder zwei Antriebe des Menschen abschaffen. Das erste ist der Hass und das zweite ist die Gier. Hass un schaff Hass und Gier ab und ich schwör dir un und es ist definitiv so, dass die Welt nen bessrer Ort wird.	0	thirties		Deutschland Deutsch		German	0	0	0		11.0062893081761	
767c7493681bfee92477f38d77315871	79424	spontaneous-speech-de-79424.mp3	3708	7522	Welche Art von Kleidung trägst du am liebsten und warum?	Nichts, am liebsten lauf ich nackt.	0	thirties		Deutschland Deutsch		German	0	0	0		8.090614886731391	
767c7493681bfee92477f38d77315871	79425	spontaneous-speech-de-79425.mp3	10656	8734	"Wie viel schreiben Sie noch ""mit der Hand"", d.h. mit Füller oder Kugelschreiber aus Papier?"	Ja tatsächlich eh. Tatsächlich [unclear] ne tatsächlich eher weniger. Ich sehe wie immer mehr eh immer weniger wird tatsächlich eh. Viel mehr auf technische Hilfsmittel zurückgreifen.	0	thirties		Deutschland Deutsch		German	1	1	0		14.827327327327327	
767c7493681bfee92477f38d77315871	79427	spontaneous-speech-de-79427.mp3	3348	7521	Welche Art von Essen magst du am meisten und warum?	[noise] Kartoffeln.	1	thirties		Deutschland Deutsch		German	0	0	0		5.376344086021506	
767c7493681bfee92477f38d77315871	79428	spontaneous-speech-de-79428.mp3	13716	8465	Was machst du mit Kleidung, die alt und unschön geworden ist?	[unclear] Die wird meistens meine Arbeitskleidung, tatsächlich und wenns dann gar nicht mehr geht dann fliegt sie halt auch wirklich raus [unclear] Ab in die Altkleidertonne beziehungsweise Restmüll zur Verbrennung, weg mit dem Scheiß.	0	thirties		Deutschland Deutsch		German	1	0	0		14.727325750947797	
767c7493681bfee92477f38d77315871	79429	spontaneous-speech-de-79429.mp3	17208	7540	Welche Fähigkeiten sind deiner Meinung nach am wichtigsten für den beruflichen Erfolg?	Anpassungsfähigkeit, unter anderem Anpassungsfähigkeit, Wissbegierde ehm und sich begeistern können für etwas.	0	thirties		Deutschland Deutsch		German	0	0	0		5.753138075313807	
48edc3a5b8e2329b9db7f649b6cdab2b	79445	spontaneous-speech-de-79445.mp3	3780	8466	Hast du eine Lieblingsfarbe?	... Nein ... [noise]	0	teens				German	1	0	0		4.497354497354497	
b6d3a166e0be3dcec6dd43459b788100	80841	spontaneous-speech-de-80841.mp3	13248	8736	Wie heißt die letzte Autorin, von der Sie ein Buch gelesen haben, und hat Ihnen das Buch gefallen?	"Ich bin mir recht unsicher aber das könnte ""Meier Rodmann"" gewesen sein und es ist mein Lieblingsbuch also hat es mir gut gefallen."	0	twenties	male_masculine	Deutschland Deutsch|Schweizerdeutsch		German	1	0	0		8.227657004830917	
b6d3a166e0be3dcec6dd43459b788100	80842	spontaneous-speech-de-80842.mp3	12744	7527	Wenn du eine berühmte Person treffen könntest, wer wäre das und warum?	Ich würd gern Gandhi treffen, das is bestimmt spannend. Hat bestimmt ne Gute Energie der Typ.	0	twenties	male_masculine	Deutschland Deutsch|Schweizerdeutsch		German	0	0	0		6.120527306967985	
b6d3a166e0be3dcec6dd43459b788100	80843	spontaneous-speech-de-80843.mp3	42408	7545	Wie siehst du die Zukunft der erneuerbaren Energien?	Tss, ehm ich sehe Sie schwarz. Ich weiß nicht vielleicht erleben wir ja noch ein bisschen das es anfängt überhaupt damit. Oder ... Krieg und Zerstörung wird vorher so weit getrieben sein, das das nicht mehr produziert werden kann [unclear] durch die Idiotie der Menschen und der Verwaltung.	0	twenties	male_masculine	Deutschland Deutsch|Schweizerdeutsch		German	0	0	0		5.730050933786078	
23183abe186c3861c36571b529e85475	84768	spontaneous-speech-de-84768.mp3	15192	7528	Wenn du eine Zeitmaschine hättest, in welche Zeit würdest du reisen und warum?	Also wenn ich eine Zeit Maschine hätte würde ich glaub ich gerne in die Vergangenheit reisen um irgendwelche Sachen die passiert sind zu ändern und das Leben für die Menschen jetzt und in der Zukunft zu verbessern.	0	teens	transgender	Deutschland Deutsch		German	0	0	0		11.71669299631385	
dfafd81829cbb117aac1434191b2e12b	87274	spontaneous-speech-de-87274.mp3	5688	7499	Was ist dein Lieblingsgetränk und warum?	Wasser, einfach verfügbar und ohne großartige Nebenwirkungen.	0	twenties	female_feminine	Deutschland Deutsch|Deutschland 		German	0	0	0		9.669479606188467	
dfafd81829cbb117aac1434191b2e12b	87275	spontaneous-speech-de-87275.mp3	8640	7513	Welchen Sport machst du am liebsten und warum?	Ich schwimm super gerne, einfach aus dem Grund weil ich da mein Kopf abschalten kann und die Schwerelosigkeit zusätzlich die Gelenke nicht belastet.	0	twenties	female_feminine	Deutschland Deutsch|Deutschland 		German	0	0	0		14.583333333333332	
dfafd81829cbb117aac1434191b2e12b	87276	spontaneous-speech-de-87276.mp3	10728	7500	Welche Sportart schaust du am liebsten und warum?	Schwierig zu beantworten, ich find den Reitsport super spannend beziehungsweise bei Olympia die Schwimmdisziplin aber jetzt aktuell schau ich beispielsweise Winterolympiade.	0	twenties	female_feminine	Deutschland Deutsch|Deutschland 		German	0	0	0		14.261744966442953	
dfafd81829cbb117aac1434191b2e12b	87277	spontaneous-speech-de-87277.mp3	5256	7533	Welche Traditionen pflegst du in deiner Familie?	Weihnachten wird bei uns immer als Fest gefeiert und Ostern gibt es ma en Frühstück.	0	twenties	female_feminine	Deutschland Deutsch|Deutschland 		German	0	0	0		13.318112633181126	
dfafd81829cbb117aac1434191b2e12b	87278	spontaneous-speech-de-87278.mp3	6696	9271	Haben Sie bereits einen Chatbot genutzt? Wenn ja, für welches Thema?	Im daylie Buisness in Form meines Anwendungsentwicklers zur Unterstützung meiner ticken Systeme.	0	twenties	female_feminine	Deutschland Deutsch|Deutschland 		German	1	0	0		12.694145758661888	
7e03af7e60a07ed79081d25dca6ecc10	90621	spontaneous-speech-de-90621.mp3	3240	8737	Wenn Sie ein weiteres Zimmer geschenkt bekämen, wofür würden Sie es nutzen?	Ich würde daraus ein Hobbyzimmer machen.	1	thirties	male_masculine			German	1	0	0		10.802469135802468	
7e03af7e60a07ed79081d25dca6ecc10	90622	spontaneous-speech-de-90622.mp3	9216	7513	Welchen Sport machst du am liebsten und warum?	Mein Liebslings Sport ist laufen, einfach weil ich das mit anderen Leuten und alleine machen kann und sehr spontan geht.	0	thirties	male_masculine			German	0	0	0		10.959201388888888	
6c5aee6bee51befc4a47c04ed3018e2a	90624	spontaneous-speech-de-90624.mp3	5688	8737	Wenn Sie ein weiteres Zimmer geschenkt bekämen, wofür würden Sie es nutzen?	... Ich würde das Zimmer als Gästezimmer nutzen.	0	fifties		Deutschland Deutsch		German	1	0	0		7.208157524613221	
6c5aee6bee51befc4a47c04ed3018e2a	90625	spontaneous-speech-de-90625.mp3	8316	7511	Wie ist das Wetter in deiner Lieblingsstadt?	Es ist mild und frühlingshaft aber die Sonne kommt nicht durch die Schleierwolken richtig durch.	0	fifties		Deutschland Deutsch		German	0	0	0		9.86050986050986	
b87d055218f3c841cdd136f76718efad	91344	spontaneous-speech-de-91344.mp3	26100	7524	Welche Art von Sport würdest du gerne einmal ausprobieren und warum?	Eisklettern, ich mag einfach Eis und allgemein Schnee, Skifahren und so weiter und ich kletter gern. Das ist zwar irgendwie sehr gefährlich [laugh] hab ich gehört, aber so zum ausprobieren? Das würd ich schon gern einmal machen. Ich hab da auch mit nem Freund drüber gesprochen und es gab da so ne Option beim Hochschulsport aber das war mir dann irgendwie zu teuer. Aber an sich, Interesse besteht.	0	twenties	male_masculine	Deutschland Deutsch		German	0	0	0		12.72030651340996	
b87d055218f3c841cdd136f76718efad	91345	spontaneous-speech-de-91345.mp3	18108	9278	Wenn Sie Hör-Samples prüfen, hören Sie im Durchschnitt eher männliche oder weibliche Stimmen?	Ich hab inzwischen das eh Samples prüfen bisschen aufgegeben mein Trick hier ist nur, das ich Sprach Samples eingeb damit den Spracherkennung bei mir besser funktionieren, weil mich das schon immer aufregt wenn Sie es nicht tun und deswegen auch hier das Sprachsample bitte tu einfach besser Spracherkennung, dafür mach ich das.	0	twenties	male_masculine	Deutschland Deutsch		German	1	0	0		15.297106251380605	
ece72fb13e137eac65f6306f43c4c21d	91356	spontaneous-speech-de-91356.mp3	12420	9273	Haben Sie eine Meinung zum Tragen von Schuluniformen?		0	thirties		Deutschland Deutsch|Deutsch, hochdeutsch, klare und verständliche Aussprache.		German	1	0	0			
ece72fb13e137eac65f6306f43c4c21d	91357	spontaneous-speech-de-91357.mp3	20916	8734	"Wie viel schreiben Sie noch ""mit der Hand"", d.h. mit Füller oder Kugelschreiber aus Papier?"	So gut wie gar nicht mehr, da ich die meisten meiner Notizen digitalisiert hab und alles dementsprechend auch am PC oder am Handy erreichbar ist für mich. Es gibt nur seltene Momente wo ich das noch Nutze und das ist eigentlich nur, wenn ich keine andere Möglichkeit habe.	0	thirties		Deutschland Deutsch|Deutsch, hochdeutsch, klare und verständliche Aussprache.		German	1	1	0		10.757314974182444	
ece72fb13e137eac65f6306f43c4c21d	91358	spontaneous-speech-de-91358.mp3	19260	7529	Welche Ziele hast du dir für die nächsten fünf Jahre gesetzt?	Ja, gute Frage vielleicht meine psychische Resilienz weiter auszubauen, nen Umzug steht auch noch an, an meinen persönlichen Projekten weiter zu arbeiten un nen bisschen Geld beiseite zu legen. Das ist doch nen guter Plan oder?	0	thirties		Deutschland Deutsch|Deutsch, hochdeutsch, klare und verständliche Aussprache.		German	0	0	0		9.968847352024921	
ece72fb13e137eac65f6306f43c4c21d	91359	spontaneous-speech-de-91359.mp3	16020	9274	Haben Sie schon einmal nachgerechnet, wie viele Software-Lösungen Sie auf Ihrem Computer nutzen?	Ja gerade eben. Also wenn ich den Hintergrund berücksichtige laufen wahrscheinlich an die Fünfzig verschiedene Prozesse oder mehr. Wenn ich aber nur die Programme zusammenzähle die ich aktiv nutze, bin ich bei etwa Fünfzehn bis Fünfundzwanzig.	0	thirties		Deutschland Deutsch|Deutsch, hochdeutsch, klare und verständliche Aussprache.		German	1	0	0		12.983770287141073	
ece72fb13e137eac65f6306f43c4c21d	91360	spontaneous-speech-de-91360.mp3	23220	9277	Haben Sie sich hier auf Common Voice die Liste der aktivsten Mitwirkenden angeschaut? Wenn ja, warum?	Ja das hab ich tatsächlich gemacht, sogar ziemlich am Anfang ah, der Grund dafür? Na ich wollt einfach mal schauen wie aktiv die Community ist, ich mein das kann man da am besten abschätzen. Und da kann man auch gut prüfen wie man selbst so seinen Beitrag leistet und wie man in Vergleich zu anderen steht. Ich find das sehr praktisch.	0	thirties		Deutschland Deutsch|Deutsch, hochdeutsch, klare und verständliche Aussprache.		German	1	0	1		11.843238587424635	
ece72fb13e137eac65f6306f43c4c21d	91361	spontaneous-speech-de-91361.mp3	14940	7496	Liest du gerne Bücher und wenn ja, welche?	Tatsächlich lese ich nur meine eigenen Bücher und das meist wenn ich Sie Korrektur lese  oder noch daran arbeite. Aber andere Bücher hab ich jetzt seit etwa 5 Jahren nicht mehr gelesen.	0	thirties		Deutschland Deutsch|Deutsch, hochdeutsch, klare und verständliche Aussprache.		German	0	0	0		10.240963855421688	
ece72fb13e137eac65f6306f43c4c21d	91362	spontaneous-speech-de-91362.mp3	14976	7520	Was war oder ist dein Lieblingsfach in der Schule und warum?	Rückblickend betrachtet wär es ganz klar Ethik gewesen, da es das Fach is was mich am nächsten oder am nahesten an philosophische Fragen heran bewegt hat, im Gegensatz zu den anderen Fächern.	0	thirties		Deutschland Deutsch|Deutsch, hochdeutsch, klare und verständliche Aussprache.		German	0	0	0		10.683760683760683	
ece72fb13e137eac65f6306f43c4c21d	91363	spontaneous-speech-de-91363.mp3	17208	8731	Hat dir jemand Kochen beigebracht, und wenn ja, wer?	Ah nein, tatsächlich hat es mir niemand beigebracht. Ich koche oder hab gekocht seitdem ich in eigener Wohnung gelebt habe mit 18 Jahren und koche heute aber äußerst wenig, es dauert mir einfach zu lange.	1	thirties		Deutschland Deutsch|Deutsch, hochdeutsch, klare und verständliche Aussprache.		German	1	0	0		9.879125987912598	
ece72fb13e137eac65f6306f43c4c21d	91364	spontaneous-speech-de-91364.mp3	5796	7537	Wenn du auf einer einsamen Insel strandest, welche drei Dinge würdest du mitnehmen?	Was für eine Frage, natürlich einen Stuhl, einen Tisch und einen Laptop.	0	thirties		Deutschland Deutsch|Deutsch, hochdeutsch, klare und verständliche Aussprache.		German	0	0	0		10.524499654934438	
ece72fb13e137eac65f6306f43c4c21d	91365	spontaneous-speech-de-91365.mp3	35820	7552	Wie siehst du die Zukunft der Arbeit in einer digitalen Welt?	Ich denke es wird immer Arbeitsbereiche geben die von der Digitalisierung KI oder Maschinen nie wirklich beeinflusst werden, außer im Bürokratischen vielleicht, beispielsweise der Gerüstbau und ähnliche handwerkliche Tätigkeiten. Und ich denke aber auch, dass der Anteil an KI gestützten, technischen und robotischen Arbeitsplätzen in den nächsten zwanzig Jahren drastisch zunehmen wird.	0	thirties		Deutschland Deutsch|Deutsch, hochdeutsch, klare und verständliche Aussprache.		German	0	0	0		9.380234505862646	
ece72fb13e137eac65f6306f43c4c21d	91366	spontaneous-speech-de-91366.mp3	18288	7523	Welche Art von Musikinstrument möchtest du gerne spielen können und warum?	Ganz eindeutig Klavier und Piano, ich mochte eigentlich schon immer diesen melodischen Klang von diesem Instrument ... Aber [unclear] selbst keine Befähigung dazu es wirklich zu spielen, also mir fehlt das Talent.	0	thirties		Deutschland Deutsch|Deutsch, hochdeutsch, klare und verständliche Aussprache.		German	0	0	0		9.951881014873141	
ece72fb13e137eac65f6306f43c4c21d	91367	spontaneous-speech-de-91367.mp3	8280	7513	Welchen Sport machst du am liebsten und warum?	Bis auf das bisschen Fahrrad fahren was ich unternehme mach ich wirklich überhaupt kein Sport. Ich weiß nicht, Sport war noch nie so wirklich mein Ding.	0	thirties		Deutschland Deutsch|Deutsch, hochdeutsch, klare und verständliche Aussprache.		German	0	0	0		15.338164251207731	
ece72fb13e137eac65f6306f43c4c21d	91368	spontaneous-speech-de-91368.mp3	25416	7527	Wenn du eine berühmte Person treffen könntest, wer wäre das und warum?	Wahrscheinlich einer der folgenden: Marc Aurel, Sokrates, Seneca und Platon, warum? Ich würd es unglaublich wertschätzend finden aus der heutigen Perspektive ein Gespräch mit einem solchen Philosophen zu führen.	0	thirties		Deutschland Deutsch|Deutsch, hochdeutsch, klare und verständliche Aussprache.		German	0	0	0		7.200188857412654	
ece72fb13e137eac65f6306f43c4c21d	91369	spontaneous-speech-de-91369.mp3	14220	7512	Wohin würdest du gerne einmal fahren und warum?	Japan, ganz eindeutig Japan weil die Kultur dort hat mich schon immer fasziniert und das was man so an News mitnimmt macht das ganze immer interessanter im Laufe der Zeit.	0	thirties		Deutschland Deutsch|Deutsch, hochdeutsch, klare und verständliche Aussprache.		German	0	0	0		9.985935302390999	
ece72fb13e137eac65f6306f43c4c21d	91370	spontaneous-speech-de-91370.mp3	17136	7502	Welche Farbe magst du am meisten und warum?	Alle Farben, also wirklich alle. Ich kann mich nicht festlegen auf eine Farbe, es kommt immer auf meine Stimmung drauf an. Das ist wie bei diesen Lampen bei dem man verschiedene Farben einstellen kann. Je nachdem was ich für ne Stimmung hab, leuchtet da auch eine andere Farbe.	1	thirties		Deutschland Deutsch|Deutsch, hochdeutsch, klare und verständliche Aussprache.		German	0	0	0		13.42203548085901	
ece72fb13e137eac65f6306f43c4c21d	91371	spontaneous-speech-de-91371.mp3	12168	7531	Wie bleibst du motiviert, wenn du auf Hindernisse stößt?	Naja ich würd sagen, [disfluency]  hinfallen, aufstehen, Krönchen richten und weitermachen. Ganz nach dem Prinzip der stoischen Resilienz vielleicht. [noise]	0	thirties		Deutschland Deutsch|Deutsch, hochdeutsch, klare und verständliche Aussprache.		German	0	0	1		11.25904010519395	
ece72fb13e137eac65f6306f43c4c21d	91372	spontaneous-speech-de-91372.mp3	20988	8468	Kannst du dir ein Leben ohne Filme vorstellen, und warum bzw. warum nicht?	Nein das kann ich tatsächlich nicht, weil ohne Filme und diese vorgespielte Lüge die allerdings soviel Kreativität beinhaltet, sähe die Welt wahrscheinlich ganz anders aus, ich mein, stell dir vor es gäbe nichts fantastisches und nichts Science Fiction mäßiges, weißt Du?	0	thirties		Deutschland Deutsch|Deutsch, hochdeutsch, klare und verständliche Aussprache.		German	1	0	0		11.0062893081761	
ece72fb13e137eac65f6306f43c4c21d	91373	spontaneous-speech-de-91373.mp3	8136	7546	Wie siehst du die Zukunft der Bildung?	Na hoffentlich hochgradig digitalisiert und angepasst an individuelle Bedürfnisse, würde ich mal sagen.	0	thirties		Deutschland Deutsch|Deutsch, hochdeutsch, klare und verständliche Aussprache.		German	0	0	0		11.184857423795476	
ece72fb13e137eac65f6306f43c4c21d	91374	spontaneous-speech-de-91374.mp3	7776	7501	Welches Tier magst du am meisten und warum?	Tatsächlich ist das die Eule. Aber warum das so ist behalte ich an dieser Stelle lieber mal für mich.	0	thirties		Deutschland Deutsch|Deutsch, hochdeutsch, klare und verständliche Aussprache.		German	0	0	0		10.673868312757202	
ece72fb13e137eac65f6306f43c4c21d	91375	spontaneous-speech-de-91375.mp3	16848	7499	Was ist dein Lieblingsgetränk und warum?	Wasser, also ich mein ich trinke Energy, ich trinke Kaffee, ich trinke keinen Alkohol aber wenns hart auf hart kommt ist es doch immer Wasser mit Geschmack oder Tee aber grundsätzlich ist es einfach nur Wasser.	0	thirties		Deutschland Deutsch|Deutsch, hochdeutsch, klare und verständliche Aussprache.		German	0	0	0		10.386989553656221	
ece72fb13e137eac65f6306f43c4c21d	91376	spontaneous-speech-de-91376.mp3	8208	7506	Kochst du gerne und wenn ja, was?	Nein, ich bin zu faul zum kochen tatsächlich, das mach ich schon seit Jahren nicht mehr wirklich.	0	thirties		Deutschland Deutsch|Deutsch, hochdeutsch, klare und verständliche Aussprache.		German	0	0	0		9.868421052631579	
ece72fb13e137eac65f6306f43c4c21d	91377	spontaneous-speech-de-91377.mp3	21276	7530	Welche Gewohnheiten haben dein Leben am meisten verbessert?	Also ich habe schon jede Menge Schwierigkeiten hinter mir aber ich denke das eigene Denken zu kontrollieren und unproduktive und negative Gedanken nahezu vollständig auszuschließen oder soweit es geht halt, ist die Beste Gewohnheit die man machen kann.	0	thirties		Deutschland Deutsch|Deutsch, hochdeutsch, klare und verständliche Aussprache.		German	0	0	0		10.105282947922541	
ece72fb13e137eac65f6306f43c4c21d	91378	spontaneous-speech-de-91378.mp3	8280	7534	Wenn du für einen Tag unsichtbar wärst, was würdest du tun?	Gute Frage aber ich bin sehr bescheiden, wahrscheinlich würde ich nichts anderes Tun als das was ich jetzt gerade tue.	0	thirties		Deutschland Deutsch|Deutsch, hochdeutsch, klare und verständliche Aussprache.		German	0	0	0		11.956521739130435	
ece72fb13e137eac65f6306f43c4c21d	91379	spontaneous-speech-de-91379.mp3	14580	7544	Was tust du im Alltag, um die Umwelt zu schützen?	Um die Umwelt zu schützen? Naja meine Zigarettenstummel nicht auf die Straße werfen? Müll in den Papierkorb werfen? Lieber eine E-Mail verschicken statt einen Brief? Ich denke das reicht.	0	thirties		Deutschland Deutsch|Deutsch, hochdeutsch, klare und verständliche Aussprache.		German	0	0	0		10.905349794238683	
ece72fb13e137eac65f6306f43c4c21d	91380	spontaneous-speech-de-91380.mp3	12636	7517	Was findest du, denkt die Gesellschaft über den Klimawandel?	Ich denke die Gesellschaft ist in diesem Thema sehr gespalten aber ich denke die Tendenz des größeren Teils geht dazu über das es den Klimawandel wirklich gibt und das man auch daran arbeiten sollte.	0	thirties		Deutschland Deutsch|Deutsch, hochdeutsch, klare und verständliche Aussprache.		German	0	0	0		13.137068692624247	
ece72fb13e137eac65f6306f43c4c21d	91381	spontaneous-speech-de-91381.mp3	3708	7553	Welches historische Ereignis hat dich am meisten beeinflusst und warum?	Meine Geburt, denn damit hat alles angefangen.	0	thirties		Deutschland Deutsch|Deutsch, hochdeutsch, klare und verständliche Aussprache.		German	0	0	0		10.787486515641856	
ece72fb13e137eac65f6306f43c4c21d	91382	spontaneous-speech-de-91382.mp3	12600	7539	Was magst du an deinem Beruf am meisten?	In meinem letzten Beruf mochte ich tatsächlich am meisten, das ich während meiner Arbeitszeit noch genügend Zeit hatte um manch einem persönlichen Projekt nach zu gehen.	0	thirties		Deutschland Deutsch|Deutsch, hochdeutsch, klare und verständliche Aussprache.		German	0	0	0		11.428571428571429	
ece72fb13e137eac65f6306f43c4c21d	91383	spontaneous-speech-de-91383.mp3	12240	7542	Was war dein bisher größter beruflicher Erfolg?	Beruflich meine Ausbildung, besser gesagt mein Ausbildungsabschluss und Freiberuflich die Veröffentlichung meines erstes Buches und den danach folgenden.	1	thirties		Deutschland Deutsch|Deutsch, hochdeutsch, klare und verständliche Aussprache.		German	0	0	0		11.11111111111111	
ece72fb13e137eac65f6306f43c4c21d	91385	spontaneous-speech-de-91385.mp3	10728	7548	Wie siehst du die Rolle der sozialen Medien in der heutigen Gesellschaft?	Ich denke die Rolle der sozialen Medien ist für viele sehr relevant in unserer heutigen Gesellschaft, für mich tatsächlich seit einiger Zeit eher unbedeutend geworden.	0	thirties		Deutschland Deutsch|Deutsch, hochdeutsch, klare und verständliche Aussprache.		German	0	0	0		13.329604772557794	
ece72fb13e137eac65f6306f43c4c21d	91386	spontaneous-speech-de-91386.mp3	6156	7495	Welche Jahreszeit magst du am liebsten und warum?	Meine Lieblingsjahreszeit ist der Sommer und der Grund dafür ist, die Sonne?	1	thirties		Deutschland Deutsch|Deutsch, hochdeutsch, klare und verständliche Aussprache.		German	0	0	0		10.558804418453542	
ece72fb13e137eac65f6306f43c4c21d	91387	spontaneous-speech-de-91387.mp3	3276	8732	Fährst du im Urlaub lieber an neue oder an bekannte Orte?	Im Urlaub fahr ich lieber an neue Orte.	0	thirties		Deutschland Deutsch|Deutsch, hochdeutsch, klare und verständliche Aussprache.		German	1	0	0		9.768009768009767	
ece72fb13e137eac65f6306f43c4c21d	91388	spontaneous-speech-de-91388.mp3	10548	7550	Wie wichtig ist dir politische Beteiligung?	Ich finde es gut das viele Menschen sich für Politik interessieren aber an mir ging dieses Thema schon immer vorbei irgendwie.	0	thirties		Deutschland Deutsch|Deutsch, hochdeutsch, klare und verständliche Aussprache.		German	0	0	0		10.049298445202883	
ece72fb13e137eac65f6306f43c4c21d	91389	spontaneous-speech-de-91389.mp3	11556	7504	Welche Art von Wetter magst du am liebsten und warum?	Mein Lieblingswetter ist im Sommer wenn Regen auf sonnengetrocknetes Gras fällt, ich liebe diesen Geruch.	0	thirties		Deutschland Deutsch|Deutsch, hochdeutsch, klare und verständliche Aussprache.		German	0	0	0		7.874697127033575	
ece72fb13e137eac65f6306f43c4c21d	91390	spontaneous-speech-de-91390.mp3	4968	8733	Was ist der älteste Gegenstand in Ihrem Besitz?	Vermutlich meine Crooks, die haben jetzt schon 5 Jahre hinter sich.	0	thirties		Deutschland Deutsch|Deutsch, hochdeutsch, klare und verständliche Aussprache.		German	1	0	0		11.473429951690822	
ece72fb13e137eac65f6306f43c4c21d	91391	spontaneous-speech-de-91391.mp3	8856	9272	Halten Sie ein Handyverbot an einer Grundschule für sinnvoll?	Ein Handyverbot erachte ich generell niemals für sinnvoll, wichtiger ist damit ein sorgfältigen Umgang zu lehren und Vorbildfunktion zu sein.	0	thirties		Deutschland Deutsch|Deutsch, hochdeutsch, klare und verständliche Aussprache.		German	1	0	0		13.775971093044264	
ece72fb13e137eac65f6306f43c4c21d	91392	spontaneous-speech-de-91392.mp3	15408	7528	Wenn du eine Zeitmaschine hättest, in welche Zeit würdest du reisen und warum?	Das mit der Zeitreise würde ich lieber mal lassen, weil in der Vorstellung ist es immer viel schöner oder interessanter auf der anderen Seite des Zaunes ist der Rasen immer grüner als auf der eigenen. Verstehst Du?	1	thirties		Deutschland Deutsch|Deutsch, hochdeutsch, klare und verständliche Aussprache.		German	0	0	0		11.552440290758048	
ece72fb13e137eac65f6306f43c4c21d	91393	spontaneous-speech-de-91393.mp3	4968	8587	Welches Werkzeug benutzt du gerne im Haushalt und warum?	Wenn bei dieser Frage mein Laptop als Werkzeug gemeint ist, dann wahrscheinlich dieser.	0	thirties		Deutschland Deutsch|Deutsch, hochdeutsch, klare und verständliche Aussprache.		German	1	0	0		15.096618357487923	
ece72fb13e137eac65f6306f43c4c21d	91394	spontaneous-speech-de-91394.mp3	20628	7510	Welche Art von Kunst würdest du gerne einmal schaffen und warum?	Was Kunst angeht ist meine Lieblingsausdrucksform wohl die Schrift und ich hab mir vorgenommen immer mal ein Buch schreiben zu wollen. Und irgendwann kam dann der Moment an dem ich das auch getan habe und dann folgte das Nächste und das Nächste. Ja das.	0	thirties		Deutschland Deutsch|Deutsch, hochdeutsch, klare und verständliche Aussprache.		German	0	0	0		10.180337405468295	
ece72fb13e137eac65f6306f43c4c21d	91395	spontaneous-speech-de-91395.mp3	13500	7538	Wenn du die Welt verändern könntest, was würdest du als erstes tun?	Einfach irgendwas gutes. Wenn ich jetzt zu sehr ins Detail gehe oder zu viel drüber nachdenke würde ich nie wissen wo ich überhaupt anfangen sollte. Deshalb fang ich einfach mit den erstbesten ein, was mir zu greifen kommt.	0	thirties		Deutschland Deutsch|Deutsch, hochdeutsch, klare und verständliche Aussprache.		German	0	0	0		13.777777777777779	
ece72fb13e137eac65f6306f43c4c21d	91396	spontaneous-speech-de-91396.mp3	11160	7554	Wie siehst du die Zukunft der künstlichen Intelligenz in den nächsten zehn Jahren?	Ich weiß nicht genau wo wir uns in den nächsten zehn Jahren bewegen werden aber künstliche Intelligenz wird auf jeden Fall äußerst interessant sein.	0	thirties		Deutschland Deutsch|Deutsch, hochdeutsch, klare und verständliche Aussprache.		German	0	0	0		11.200716845878135	
ece72fb13e137eac65f6306f43c4c21d	91397	spontaneous-speech-de-91397.mp3	5076	8466	Hast du eine Lieblingsfarbe?	Nein ich mag alle Farben, je nachdem was ich für eine Stimmung habe.	0	thirties		Deutschland Deutsch|Deutsch, hochdeutsch, klare und verständliche Aussprache.		German	1	0	0		11.032308904649328	
ece72fb13e137eac65f6306f43c4c21d	91398	spontaneous-speech-de-91398.mp3	9720	9278	Wenn Sie Hör-Samples prüfen, hören Sie im Durchschnitt eher männliche oder weibliche Stimmen?	Ich höre bei den Samples eh überwiegend männliche Stimmen. Weibliche Stimmen sind doch eher die Seltenheit.	0	thirties		Deutschland Deutsch|Deutsch, hochdeutsch, klare und verständliche Aussprache.		German	1	0	0		9.465020576131687	
ece72fb13e137eac65f6306f43c4c21d	91399	spontaneous-speech-de-91399.mp3	13680	7524	Welche Art von Sport würdest du gerne einmal ausprobieren und warum?	Ein Fallschirmsprung, also ich bin ein Mensch der sich gerne mit seinen Ängsten konfrontiert und ich habe Angst davor zu fallen. Ein Fallschirmsprung wär da doch die richtige Lösung, oder?	0	thirties		Deutschland Deutsch|Deutsch, hochdeutsch, klare und verständliche Aussprache.		German	0	0	0		11.62280701754386	
ece72fb13e137eac65f6306f43c4c21d	91400	spontaneous-speech-de-91400.mp3	5256	7543	Welche Herausforderungen siehst du in deiner aktuellen Position?	In meiner aktuellen Position ist das schwierigste die notwendige Geduld auf zu bringen.	0	thirties		Deutschland Deutsch|Deutsch, hochdeutsch, klare und verständliche Aussprache.		German	0	0	0		14.269406392694064	
ece72fb13e137eac65f6306f43c4c21d	91401	spontaneous-speech-de-91401.mp3	5508	11058	Welches Buch sollte man gelesen haben?	Das Neue Buch Genesys von Bernard Beckett.	0	thirties		Deutschland Deutsch|Deutsch, hochdeutsch, klare und verständliche Aussprache.		German	1	0	0		6.5359477124183005	
ece72fb13e137eac65f6306f43c4c21d	91402	spontaneous-speech-de-91402.mp3	22608	11057	Liegt ein ehrenamtliches Engagement vor? Falls ja, welches? Falls nein, wieso nicht?	Ja während Arbeitsloszeiten habe ich mich schon bemüht ehrenamtliche Arbeit zu leisten, aber leider warens nie wirklich die Felder die mich interessiert haben. Bis ich dann irgendwann auf Common Voice gestoßen bin und auch mich mit der KI beschäftigt habe, und Common Voice ist ja ehrenamtliche Arbeit oder etwa nicht?	0	thirties		Deutschland Deutsch|Deutsch, hochdeutsch, klare und verständliche Aussprache.		German	1	0	0		11.898443029016278	
ece72fb13e137eac65f6306f43c4c21d	91403	spontaneous-speech-de-91403.mp3	3240	8884	Interessierst du dich für Rennsport?	Nein, Rennsport hat mich noch nie interessiert.	0	thirties		Deutschland Deutsch|Deutsch, hochdeutsch, klare und verständliche Aussprache.		German	1	0	0		12.65432098765432	
ece72fb13e137eac65f6306f43c4c21d	91404	spontaneous-speech-de-91404.mp3	18036	7519	Welche Sprache würdest du gerne lernen und warum?	In der heutigen Zeit finde ich es grenzt fast schon an Verschwendung von Ressourcen ne neue Sprache zu lernen. Aber wenn ich eine Sprache lernen würde und Sie unabhängig vom Netz Beherrschen sollte, dann wäre das Latein, einfach weil ich die Sprache mag.	0	thirties		Deutschland Deutsch|Deutsch, hochdeutsch, klare und verständliche Aussprache.		German	0	0	0		11.754269239299179	
ece72fb13e137eac65f6306f43c4c21d	91405	spontaneous-speech-de-91405.mp3	9900	7518	Hast du ein Haustier und wenn ja, welches und warum?	Nein ich habe keine Haustiere mehr. Mein letztes Haustier war ein kleiner Hamster und warum? Hamster sind doch cool oder?	1	thirties		Deutschland Deutsch|Deutsch, hochdeutsch, klare und verständliche Aussprache.		German	0	0	0		10.303030303030303	
ece72fb13e137eac65f6306f43c4c21d	91406	spontaneous-speech-de-91406.mp3	10440	7516	Warum ist es wichtig, verschiedene Hobbys zu haben?	So wichtig sind mir verschiedene Hobbys gar nicht, ich finde eins, zwei, vielleicht drei Hobbys reichen, wichtig ist doch nur, dass man Spaß dran hat oder?	0	thirties		Deutschland Deutsch|Deutsch, hochdeutsch, klare und verständliche Aussprache.		German	0	0	0		12.452107279693488	
ece72fb13e137eac65f6306f43c4c21d	91407	spontaneous-speech-de-91407.mp3	11016	7541	Wie siehst du die Zukunft deiner Branche?	Die letzte Branche in der ich gearbeitet hab eh befindet sich langsam am aussterben. Ja.	0	thirties		Deutschland Deutsch|Deutsch, hochdeutsch, klare und verständliche Aussprache.		German	0	0	0		6.7175018155410315	
ece72fb13e137eac65f6306f43c4c21d	91408	spontaneous-speech-de-91408.mp3	12636	7522	Welche Art von Kleidung trägst du am liebsten und warum?	Ich trage am liebsten ausgefallene, luftige und bequeme Kleidung eh grade Sommerkleidung, warum? Weil es einfach angenehmer sich am Körper anfühlt.	0	thirties		Deutschland Deutsch|Deutsch, hochdeutsch, klare und verständliche Aussprache.		German	0	0	0		10.050648939537828	
ece72fb13e137eac65f6306f43c4c21d	91409	spontaneous-speech-de-91409.mp3	21456	7525	Welche Art von Beruf würdest du gerne ausüben und warum?	Ich würde gern etwas mit KI arbeiten tatsächlich, auch wenn mir dann vielleicht in meiner Freizeit der sportliche Ausgleich fehlen könnte. Aber seit zwei Jahren fesselt mich dieses Thema doch einfach zu sehr. Es wär ne schöne Vorstellung damit auch Geld zu verdienen.	0	thirties		Deutschland Deutsch|Deutsch, hochdeutsch, klare und verständliche Aussprache.		German	0	0	0		10.486577181208053	
ece72fb13e137eac65f6306f43c4c21d	91410	spontaneous-speech-de-91410.mp3	4716	8588	Magst du lieber den Herbst oder den Frühling, und warum ist das so?	Ich liebe den Sommer. Ich mag den Herbst und den Frühling etwa gleich viel.	0	thirties		Deutschland Deutsch|Deutsch, hochdeutsch, klare und verständliche Aussprache.		German	1	0	0		13.146734520780322	
ece72fb13e137eac65f6306f43c4c21d	91411	spontaneous-speech-de-91411.mp3	11160	8736	Wie heißt die letzte Autorin, von der Sie ein Buch gelesen haben, und hat Ihnen das Buch gefallen?	Die letzte Autorin von der ich ein Buch gelesen habe war vermutlich Yasmine Galenorn und ja mir hat das Buch gefallen, die Bücher.	0	thirties		Deutschland Deutsch|Deutsch, hochdeutsch, klare und verständliche Aussprache.		German	1	0	0		9.67741935483871	
ece72fb13e137eac65f6306f43c4c21d	91412	spontaneous-speech-de-91412.mp3	10476	9271	Haben Sie bereits einen Chatbot genutzt? Wenn ja, für welches Thema?	Ah ja ich habe bereits verschiedene Chat Bots genutzt auch wenn ich den Begriff nicht so sehr mag, Und im Grunde genommen für jedes Thema was Du dir vorstellen kannst.	0	thirties		Deutschland Deutsch|Deutsch, hochdeutsch, klare und verständliche Aussprache.		German	1	0	0		13.172966781214203	
ece72fb13e137eac65f6306f43c4c21d	91413	spontaneous-speech-de-91413.mp3	11916	8469	Kannst du dir ein Leben ohne Bücher vorstellen, und warum bzw. warum nicht?	Mittlerweile sind wir soweit, bin ich soweit, das ich mir sogar ein Leben gänzlich ohne Bücher vorstellen könnte. Ehm, weil digitale Medien einfach besser sind.	0	thirties		Deutschland Deutsch|Deutsch, hochdeutsch, klare und verständliche Aussprache.		German	1	0	0		11.413225914736488	
ece72fb13e137eac65f6306f43c4c21d	91414	spontaneous-speech-de-91414.mp3	4140	7540	Welche Fähigkeiten sind deiner Meinung nach am wichtigsten für den beruflichen Erfolg?	Soziale und analytische Fähigkeiten.	0	thirties		Deutschland Deutsch|Deutsch, hochdeutsch, klare und verständliche Aussprache.		German	0	0	0		7.971014492753624	
ece72fb13e137eac65f6306f43c4c21d	91415	spontaneous-speech-de-91415.mp3	3420	7532	Was ist für dich das Wichtigste in einer Beziehung?	Loyalität und Treue.	0	thirties		Deutschland Deutsch|Deutsch, hochdeutsch, klare und verständliche Aussprache.		German	0	0	0		5.2631578947368425	
ece72fb13e137eac65f6306f43c4c21d	91416	spontaneous-speech-de-91416.mp3	5976	8467	Wie oft kochst du, und warum?	Ich koche so gut wie gar nicht und warum? Weil es mir einfach zu viel Zeit in Anspruch nimmt.	0	thirties		Deutschland Deutsch|Deutsch, hochdeutsch, klare und verständliche Aussprache.		German	1	0	0		12.550200803212851	
ece72fb13e137eac65f6306f43c4c21d	91417	spontaneous-speech-de-91417.mp3	3780	9276	Nutzen Sie in Ihrem Haus eine Biotonne?	Nein ich nutze in meinem Haushalt keine [unclear] .	1	thirties		Deutschland Deutsch|Deutsch, hochdeutsch, klare und verständliche Aussprache.		German	1	0	0		11.375661375661375	
ece72fb13e137eac65f6306f43c4c21d	91418	spontaneous-speech-de-91418.mp3	7956	7521	Welche Art von Essen magst du am meisten und warum?	Klöse mit Rotkraut und Rollbraten, wahrscheinlich weil ich seit der Kindheit damit aufgewachsen bin.	0	thirties		Deutschland Deutsch|Deutsch, hochdeutsch, klare und verständliche Aussprache.		German	0	0	0		10.935143288084465	
ece72fb13e137eac65f6306f43c4c21d	91419	spontaneous-speech-de-91419.mp3	5508	7551	Welche gesellschaftlichen Veränderungen würdest du gerne sehen?	Ich würde vielleicht irgendwann gern einmal, den Beginn des Transhumanismus beobachten.	0	thirties		Deutschland Deutsch|Deutsch, hochdeutsch, klare und verständliche Aussprache.		German	0	0	0		13.979665940450253	
ece72fb13e137eac65f6306f43c4c21d	91420	spontaneous-speech-de-91420.mp3	8460	8883	Welches Hobby ist deiner Meinung nach Zeitverschwendung?	Videospiele, ganz klar Videospiele sind Zeitverschwendung, ich mein ich komm selber nicht los davon aber unterm Strich is es wirklich [unclear] .	0	thirties		Deutschland Deutsch|Deutsch, hochdeutsch, klare und verständliche Aussprache.		German	1	0	0		14.657210401891252	
ece72fb13e137eac65f6306f43c4c21d	91421	spontaneous-speech-de-91421.mp3	3456	9275	Gehen Sie bewusst mit dem Verbrauch von Wasser um?	Ich verbrauche bewusst tatsächlich nicht so viel Wasser.	0	thirties		Deutschland Deutsch|Deutsch, hochdeutsch, klare und verständliche Aussprache.		German	1	0	0		14.17824074074074	
ece72fb13e137eac65f6306f43c4c21d	91422	spontaneous-speech-de-91422.mp3	6408	8465	Was machst du mit Kleidung, die alt und unschön geworden ist?	Entweder in die Kleiderspende oder in den Müll, je nachdem wie die Kleidung aussieht.	1	thirties		Deutschland Deutsch|Deutsch, hochdeutsch, klare und verständliche Aussprache.		German	1	0	0		11.235955056179774	
ece72fb13e137eac65f6306f43c4c21d	91423	spontaneous-speech-de-91423.mp3	5256	9488	Was ist deine Lieblingsfarbe? Und wenn du eine hast welche ist es?	Ich habe keine Lieblingsfarbe ich mag alle Farben, je nachdem was ich für eine Stimmung hab.	1	thirties		Deutschland Deutsch|Deutsch, hochdeutsch, klare und verständliche Aussprache.		German	1	1	0		14.649923896499239	
ece72fb13e137eac65f6306f43c4c21d	91424	spontaneous-speech-de-91424.mp3	12240	8735	Verlieren Sie Regenschirme oder kommt das nicht vor?	Wie kann man denn einen Regenschirm verlieren? Wenn man Ihn grad in der Hand hält und der Wind bläst ein entgegen und fegt den Regenschirm weg, soweit das man nicht mehr ran kommt? Also wirklich.	1	thirties		Deutschland Deutsch|Deutsch, hochdeutsch, klare und verständliche Aussprache.		German	1	0	0		13.15359477124183	
ece72fb13e137eac65f6306f43c4c21d	91425	spontaneous-speech-de-91425.mp3	5760	7533	Welche Traditionen pflegst du in deiner Familie?	Bis der Kontakt zu meiner Familie gänzlich abgebrochen ist, waren es regelmäßige Anrufe.	0	thirties		Deutschland Deutsch|Deutsch, hochdeutsch, klare und verständliche Aussprache.		German	0	0	0		13.194444444444445	
ece72fb13e137eac65f6306f43c4c21d	91426	spontaneous-speech-de-91426.mp3	6696	9653	Was ist dein Lieblingsessen?	Ich habe kein Lieblingsessen und ich habe auch keine Ablehnung gegen irgendwelches essen, ich ess so ziemlich alles.	0	thirties		Deutschland Deutsch|Deutsch, hochdeutsch, klare und verständliche Aussprache.		German	1	0	0		14.78494623655914	
ece72fb13e137eac65f6306f43c4c21d	91427	spontaneous-speech-de-91427.mp3	5220	8464	Wo stehen die Bücher in Deiner bzw. Ihrer Wohnung?	Meine Bücher stehen auf, beziehungsweise in einem Schrank in meiner Wohnung.	0	thirties		Deutschland Deutsch|Deutsch, hochdeutsch, klare und verständliche Aussprache.		German	1	0	0		12.64367816091954	
ece72fb13e137eac65f6306f43c4c21d	91428	spontaneous-speech-de-91428.mp3	9720	7536	Wenn du ein Tier wärst, welches wärst du und warum?	Eindeutig Katze, also eine so ne Hauskatze, geliebt, versorgt, gefüttert. Muss nen chilliges Leben sein.	0	thirties		Deutschland Deutsch|Deutsch, hochdeutsch, klare und verständliche Aussprache.		German	0	0	0		9.25925925925926	
ece72fb13e137eac65f6306f43c4c21d	91429	spontaneous-speech-de-91429.mp3	11448	7498	Was ist dein Lieblingsfilm und warum?	Ich habe tatsächlich kein Lieblingsfilm aber meine Lieblingsserie war Love Death and Robots und warum? Wahrscheinlich wegen der Vielfältigkeit.	1	thirties		Deutschland Deutsch|Deutsch, hochdeutsch, klare und verständliche Aussprache.		German	0	0	0		10.918937805730257	
ece72fb13e137eac65f6306f43c4c21d	91430	spontaneous-speech-de-91430.mp3	7668	8470	Kannst du dir ein Leben ohne Farben vorstellen, und warum bzw. warum nicht?	Nein ich kann mir ein Leben ohne Farbe nicht vorstellen und das wahrscheinlich, weil ich immer in Farben gesehen habe.	1	thirties		Deutschland Deutsch|Deutsch, hochdeutsch, klare und verständliche Aussprache.		German	1	0	0		12.910798122065728	
ece72fb13e137eac65f6306f43c4c21d	91431	spontaneous-speech-de-91431.mp3	13248	7545	Wie siehst du die Zukunft der erneuerbaren Energien?	Sie werden immer weiter wachsen und immer weiter ausgebaut werden, immer technologischer und immer effektiver werden und dadurch immer einen größeren Anteil an unseren Stromnetz haben.	0	thirties		Deutschland Deutsch|Deutsch, hochdeutsch, klare und verständliche Aussprache.		German	0	0	0		12.001811594202897	
ece72fb13e137eac65f6306f43c4c21d	91432	spontaneous-speech-de-91432.mp3	21528	7515	Warum denkst du, ist es wichtig, verschiedene historische Persönlichkeiten zu studieren?	Ist es denn überhaupt so wichtig verschiedene historische Persönlichkeiten zu studieren? Ich mein, wenn da Menschen dabei sind die ein wirklich interessieren dann  kann man das machen, ich fahr ja total auf Philosophen ab aber jemanden zu studieren also ganz ausführlich? Ich weiß ja nicht, muss nicht unbedingt sein.	0	thirties		Deutschland Deutsch|Deutsch, hochdeutsch, klare und verständliche Aussprache.		German	0	0	0		12.44890375325158	
6bf442a7ee34f4c86bc98db8453cd948	91452	spontaneous-speech-de-91452.mp3	3636	7513	Welchen Sport machst du am liebsten und warum?	Am liebsten gar keinen, ich mag Sport nicht.	0	fourties		Deutschland Deutsch		German	0	0	0		10.176017601760176	
6bf442a7ee34f4c86bc98db8453cd948	91453	spontaneous-speech-de-91453.mp3	5616	11058	Welches Buch sollte man gelesen haben?	Das Buch On Bullshit von Harry G. Frankfurt. Geniales Ding.	0	fourties		Deutschland Deutsch		German	1	0	0		8.903133903133902	
d387fc26a0df4bc44aa335f33798c043	91563	spontaneous-speech-de-91563.mp3	15480	7536	Wenn du ein Tier wärst, welches wärst du und warum?	Puh, Ein Tier? Ehm vielleicht ein Schaf weil Schafe ehm Gemeinschaft wichtig finden und ich auch.	0	fourties		Österreichisches Deutsch|Südtiroler Akzent		German	0	0	0		5.297157622739018	
d387fc26a0df4bc44aa335f33798c043	91564	spontaneous-speech-de-91564.mp3	18180	7495	Welche Jahreszeit magst du am liebsten und warum?	Ich mag den Frühling am liebsten, ehm weils da nicht zu heiß ist aber auch nicht kalt, weil die Luft gut riecht im Frühling und eh ja es einfach schön.	0	fourties		Österreichisches Deutsch|Südtiroler Akzent		German	0	0	0		6.710671067106711	
d387fc26a0df4bc44aa335f33798c043	91565	spontaneous-speech-de-91565.mp3	21204	7506	Kochst du gerne und wenn ja, was?	Ich koche gerne wenns nicht zu oft ist und eh eine Sache die ich gerne Koche sind Bratkartoffeln eh weil mir die richtig gut gelingen. Und ehm ja Sie sind einfach aber schmecken richtig gut.	0	fourties		Österreichisches Deutsch|Südtiroler Akzent		German	0	0	0		7.357102433503113	
d387fc26a0df4bc44aa335f33798c043	91566	spontaneous-speech-de-91566.mp3	31788	7545	Wie siehst du die Zukunft der erneuerbaren Energien?	Ich befürchte, dass die nicht-erneuerbaren Energien weiter verwendet werden, bis sie eben fertig sind. Und dass die Menschen und wir erst zu spät, ähm, auf erneuerbare Energien umsteigen. Irgendwann werden wir das müssen, aber ich fürchte es wird so spät sein, dass wir dann die volle Breite der Konsequenzen zu spüren bekommen.	1	fourties		Österreichisches Deutsch|Südtiroler Akzent		German	0	0	0		8.71398011828363	
d387fc26a0df4bc44aa335f33798c043	91567	spontaneous-speech-de-91567.mp3	24228	7550	Wie wichtig ist dir politische Beteiligung?	Politische Beteiligung ist mir sehr wichtig. Ich versuche bei Wahlen mir ein gutes Bild zu machen, versuche beide Perspektiven zu lesen, zu verstehen, zu kapieren wer nur was vor macht und was wirklich eh Sache ist, damit ich richtig wähle. Das ist oft ganz schön schwierig aber echt wichtig.	0	fourties		Österreichisches Deutsch|Südtiroler Akzent		German	0	0	0		10.070992240383028	
d387fc26a0df4bc44aa335f33798c043	91568	spontaneous-speech-de-91568.mp3	25416	7534	Wenn du für einen Tag unsichtbar wärst, was würdest du tun?	Erstmal würde ich darauf achten, dass ich nicht überfahren werde. Vielleicht würde ich einfach im Haus bleiben. Ehm Ja. Ich glaube ich würde aufpassen das mir nichts passiert wenn jemand eh auf mich Rücksicht nimmt weil ich unsichtbar bin.	0	fourties		Österreichisches Deutsch|Südtiroler Akzent		German	0	0	0		7.908404154863078	
d387fc26a0df4bc44aa335f33798c043	91569	spontaneous-speech-de-91569.mp3	25776	8468	Kannst du dir ein Leben ohne Filme vorstellen, und warum bzw. warum nicht?	Ja kann ich ehm, ich erlebe Filme eigentlich als nicht besonders hilfreich eh, wenn ich Filme schaue dann denke ich mir danach boar hättst jetzt nicht gebraucht. Eh ich bin auch ohne Fernseher aufgewachsen ei einige Jahre und es hat mir nicht geschadet.	0	fourties		Österreichisches Deutsch|Südtiroler Akzent		German	1	0	0		8.18590937306021	
d387fc26a0df4bc44aa335f33798c043	91570	spontaneous-speech-de-91570.mp3	16524	7508	Welche Art von Essen würdest du gerne einmal probieren und warum?	Äh, ich würde gerne Mal Schnecken probieren und Kaviar. Eigentlich beides um herauszufinden, warum da so ein Hype darum gemacht wird. Ähm, genau.	1	fourties		Österreichisches Deutsch|Südtiroler Akzent		German	0	0	0		7.443718228031953	
d387fc26a0df4bc44aa335f33798c043	91571	spontaneous-speech-de-91571.mp3	28836	7515	Warum denkst du, ist es wichtig, verschiedene historische Persönlichkeiten zu studieren?	Manche historische Persönlichkeiten sollte man eh kennen, um Sie als Vorbild zu haben. Heilige zum Beispiel sind historische Persönlichkeiten die ein Vorbild sind und manche sollte man kennen um die Fehler der Geschichte nicht zu wiederholen zu sagen, So will ich nicht werden.	0	fourties		Österreichisches Deutsch|Südtiroler Akzent		German	0	0	0		8.149535303093355	
d387fc26a0df4bc44aa335f33798c043	91572	spontaneous-speech-de-91572.mp3	28872	8469	Kannst du dir ein Leben ohne Bücher vorstellen, und warum bzw. warum nicht?	Also vorstellen kann ich mir schon ein Leben ohne Bücher aber, da würde mir echt was wichtiges fehlen weil, in den Büchern, durch Bücher hab ich soviel gelernt und auch so irgendwie einen weiten Horizont bekommen in dem ich in das Leben oder in andere, von anderen oder in andere Welten eintauchen konnte.	0	fourties		Österreichisches Deutsch|Südtiroler Akzent		German	1	0	0		8.762815184261568	
d387fc26a0df4bc44aa335f33798c043	91573	spontaneous-speech-de-91573.mp3	19980	7502	Welche Farbe magst du am meisten und warum?	Eh ich habe am liebsten Blau, weil Blau Ruhe ausstrahlt. So eine Sattheit eine Gediegenheit ehm deswegen eher so ein starkes, intensives aber dunkles Blau.	0	fourties		Österreichisches Deutsch|Südtiroler Akzent		German	0	0	0		6.556556556556556	
d387fc26a0df4bc44aa335f33798c043	91574	spontaneous-speech-de-91574.mp3	14364	7522	Welche Art von Kleidung trägst du am liebsten und warum?	Ich trage am liebsten Sandalen, so Badeschlappen eh bequem wo die Füße atmen können eh und der Rest soll auch bequem sein.	0	fourties		Österreichisches Deutsch|Südtiroler Akzent		German	0	0	0		7.031467557783347	
d387fc26a0df4bc44aa335f33798c043	91575	spontaneous-speech-de-91575.mp3	19764	8734	"Wie viel schreiben Sie noch ""mit der Hand"", d.h. mit Füller oder Kugelschreiber aus Papier?"	Ich mach mir oft von Hand Notizen, eh manchmal muss ich etwas von Hand schreiben aber eh vielleicht noch so zwanzig Prozent, vielleicht auch nur zehn Prozent. Der Rest geht über Tastatur.	0	fourties		Österreichisches Deutsch|Südtiroler Akzent		German	1	1	0		7.893139040680024	
d387fc26a0df4bc44aa335f33798c043	91576	spontaneous-speech-de-91576.mp3	18288	7501	Welches Tier magst du am meisten und warum?	Ich mag das Murmeltier am liebsten, eh weil wenn ich ein Murmeltier sehe, dann bin ich immer an schönen Orten. Irgendwo am Alpenhauptkam in der Dechselgruppe eh wos so richtig Natur pur ist.	0	fourties		Österreichisches Deutsch|Südtiroler Akzent		German	0	0	0		8.639545056867892	
d387fc26a0df4bc44aa335f33798c043	91577	spontaneous-speech-de-91577.mp3	31536	9273	Haben Sie eine Meinung zum Tragen von Schuluniformen?	Es kommt auf die Motivation an. Wenns um eine Schuluniform geht wo eine Schule sich abheben will gegen andere durch die Uniform, dann finde find ich das nicht so toll. Wenn es darum geht das die Schuluniform dafür sorgt das alle Schüler gleich sind und nicht die einen gut gekleidet und die anderen eh schlecht oder arm gekleidet dann find ichs gut.	1	fourties		Österreichisches Deutsch|Südtiroler Akzent		German	1	0	0		9.132420091324201	
d387fc26a0df4bc44aa335f33798c043	91578	spontaneous-speech-de-91578.mp3	17532	9272	Halten Sie ein Handyverbot an einer Grundschule für sinnvoll?	"Ich finde es sinnvoll weil Eltern extrem unter Druck stehen wenn die Kinder sagen ""Ja alle in meiner Klasse haben ein Handy nur ich nicht"" Deswegen finde ich gut wenn es die Schule sagt, bei uns keine Handys."	0	fourties		Österreichisches Deutsch|Südtiroler Akzent		German	1	0	0		9.75359342915811	
d387fc26a0df4bc44aa335f33798c043	91579	spontaneous-speech-de-91579.mp3	29268	7533	Welche Traditionen pflegst du in deiner Familie?	Wir beten vor dem Mittagessen immer den Angulus, den Engel des Herrn und das ist ein bisschen ein längeres Tischgebet aber das hilft zur Ruhe zu kommen, anzukommen und ehm sich zu besinnen, Gott der Tag ist in deiner Hand und ich danke dir für das gute was Du mir heute schon geschenkt hast und noch schenken wirst.	0	fourties		Österreichisches Deutsch|Südtiroler Akzent		German	0	0	0		8.81508815088151	
d387fc26a0df4bc44aa335f33798c043	91580	spontaneous-speech-de-91580.mp3	13896	7509	Welche Art von Musik würdest du gerne einmal live sehen und warum?	Ich würde gern mal son richtig großes Orchester live sehen [disfluency] ich hab mal eins gesehen und das war echt beeindruckend, das würd ich gern wiederholen.	0	fourties		Österreichisches Deutsch|Südtiroler Akzent		German	0	0	1		9.643062751871042	
d387fc26a0df4bc44aa335f33798c043	91581	spontaneous-speech-de-91581.mp3	23976	7546	Wie siehst du die Zukunft der Bildung?	Wie ich die Zukunft der Bildung sehe? Dünn dünn, ehm ich glaube es wird in Zukunft immer schwerer fallen jugendliche davon zu überzeugen, das Sie überhaupt was lernen brau müssen, sollen wenn die KI eh alles weiß.	0	fourties		Österreichisches Deutsch|Südtiroler Akzent		German	0	0	0		7.382382382382382	
d387fc26a0df4bc44aa335f33798c043	91582	spontaneous-speech-de-91582.mp3	19224	9276	Nutzen Sie in Ihrem Haus eine Biotonne?	Ich habe einen Komposthaufen und da kommt alles rauf, was die Ratten nicht anzieht und der Rest kommt in den Restmüll wenns nicht ehm Plastik oder so ist, oder Dosen oder Glas.	0	fourties		Österreichisches Deutsch|Südtiroler Akzent		German	1	0	0		7.542655014565127	
d387fc26a0df4bc44aa335f33798c043	91583	spontaneous-speech-de-91583.mp3	22860	9277	Haben Sie sich hier auf Common Voice die Liste der aktivsten Mitwirkenden angeschaut? Wenn ja, warum?	Nein, ich wusste gar nicht das es so eine Liste gibt und deswegen hab ich Sie auch nicht angeschaut. Interessiert mich auch nicht besonders, was mich eher interessieren würde, ob sonst jemand aus meiner Gegend hier eh etwas eingesprochen hat aber ich wüsste auch nicht wo suchen.	0	fourties		Österreichisches Deutsch|Südtiroler Akzent		German	1	0	0		10.192475940507437	
d387fc26a0df4bc44aa335f33798c043	91584	spontaneous-speech-de-91584.mp3	15624	8465	Was machst du mit Kleidung, die alt und unschön geworden ist?	Wenn die Kleidung eh unschön wird, wenns Risse gibt oder Löcher dann wird sie geflickt. Und dann nochmal geflickt und wenns wirklich nicht mehr geht, dann taugt Sie nur noch für den Müll.	0	fourties		Österreichisches Deutsch|Südtiroler Akzent		German	1	0	0		9.920634920634921	
d387fc26a0df4bc44aa335f33798c043	91585	spontaneous-speech-de-91585.mp3	15516	8731	Hat dir jemand Kochen beigebracht, und wenn ja, wer?	Ich hab von meiner Mama kochen gelernt. Ehm Sie hat mir Rezepte gezeigt, ich hab Sie nachgekocht und dann auch ein bisschen selber geübt.	0	fourties		Österreichisches Deutsch|Südtiroler Akzent		German	1	0	0		7.347254447022428	
d387fc26a0df4bc44aa335f33798c043	91586	spontaneous-speech-de-91586.mp3	26352	7554	Wie siehst du die Zukunft der künstlichen Intelligenz in den nächsten zehn Jahren?	Ich glaube Sie wird so gut werden, dass die Menschen den Eindruck haben, die kanns besser als ich und deshalb werden die Menschen viele Dinge nicht mehr tun und wir werden uns dann eh in vielen Dingen mit dem mittelmäßigen Output von künstlicher Intelligenz zufriedengeben müssen anstatt Qualitätsarbeit von Menschen zu genießen.	0	fourties		Österreichisches Deutsch|Südtiroler Akzent		German	0	0	0		10.549483910139648	
d387fc26a0df4bc44aa335f33798c043	91587	spontaneous-speech-de-91587.mp3	25704	7512	Wohin würdest du gerne einmal fahren und warum?	Ich würde gern einmal nach England oder Irland fahren, eh mal eine ganz andere Gegend kennenlernen und mal schauen ob das Wetter da wirklich so schlecht ist wie Sie alle sagen. Und ob das Essen ehm so ehmehm wie soll mans sagen eh gewöhnungsbedürftig ist wie alle sagen.	0	fourties		Österreichisches Deutsch|Südtiroler Akzent		German	0	0	0		8.675692499221912	
d387fc26a0df4bc44aa335f33798c043	91594	spontaneous-speech-de-91594.mp3	11772	7528	Wenn du eine Zeitmaschine hättest, in welche Zeit würdest du reisen und warum?	Ich würde in das neunzehnte Jahrhundert reisen, Hitler als Baby entführen und in einem Waisenhaus auf den Osterinseln abgeben.	0	fourties		Österreichisches Deutsch|Südtiroler Akzent		German	0	0	0		9.174311926605505	
d387fc26a0df4bc44aa335f33798c043	91596	spontaneous-speech-de-91596.mp3	16236	9274	Haben Sie schon einmal nachgerechnet, wie viele Software-Lösungen Sie auf Ihrem Computer nutzen?	Nein das habe ich noch nie, ich wüsste auch nicht was mit Softwarelösungen genau gemeint ist. Ich hab mal geschaut wie viele Pakete ich in der Paketverwaltung installiert habe und das waren glaub ich ein paar Tausend.	0	fourties		Österreichisches Deutsch|Südtiroler Akzent		German	1	0	0		11.148066026114806	
d387fc26a0df4bc44aa335f33798c043	91597	spontaneous-speech-de-91597.mp3	16056	7537	Wenn du auf einer einsamen Insel strandest, welche drei Dinge würdest du mitnehmen?	Ich würde mir ein Satelliten Handy ein Handkurbelladegerät und ein Fass mit Trinkwasser mit auf die Insel nehmen.	1	fourties		Österreichisches Deutsch|Südtiroler Akzent		German	0	0	0		5.9790732436472345	
d387fc26a0df4bc44aa335f33798c043	91599	spontaneous-speech-de-91599.mp3	11664	7531	Wie bleibst du motiviert, wenn du auf Hindernisse stößt?	Ich schaue auf das Ziel und ich schaue auf mein Warum. Warum mache ich das? Wohin will ich?	0	fourties		Österreichisches Deutsch|Südtiroler Akzent		German	0	0	0		6.344307270233196	
d387fc26a0df4bc44aa335f33798c043	91600	spontaneous-speech-de-91600.mp3	10404	8588	Magst du lieber den Herbst oder den Frühling, und warum ist das so?	Den Herbst, das Klima ist angenehmer, es ist noch warm.	0	fourties		Österreichisches Deutsch|Südtiroler Akzent		German	1	0	0		4.421376393694733	
d387fc26a0df4bc44aa335f33798c043	91602	spontaneous-speech-de-91602.mp3	11016	7530	Welche Gewohnheiten haben dein Leben am meisten verbessert?	Am meisten haben regelmäßiger Sport und regelmäßiges Gebet mein Leben verbessert.	1	fourties		Österreichisches Deutsch|Südtiroler Akzent		German	0	0	0		6.4451706608569355	
7f19a48f8969280dcb2428e4e3ff8e0a	92151	spontaneous-speech-de-92151.mp3	3276	11277	Kochst du lieber selbst oder bestellst du öfter Essen?		0	twenties	male_masculine			German	1	0	0			
7f19a48f8969280dcb2428e4e3ff8e0a	92152	spontaneous-speech-de-92152.mp3	3708	11284	Welches Brettspiel spielst du am liebsten?		0	twenties	male_masculine			German	1	0	0			
7f19a48f8969280dcb2428e4e3ff8e0a	92153	spontaneous-speech-de-92153.mp3	3492	7505	Welche Art von Filmen magst du und warum?		0	twenties	male_masculine			German	0	0	0			
7f19a48f8969280dcb2428e4e3ff8e0a	92154	spontaneous-speech-de-92154.mp3	6984	7526	Welche Art von Unterkünften bevorzugst du beim Reisen (Hotel, Airbnb, Camping etc.) und warum?		0	twenties	male_masculine			German	0	0	0			
7f19a48f8969280dcb2428e4e3ff8e0a	92155	spontaneous-speech-de-92155.mp3	3420	7546	Wie siehst du die Zukunft der Bildung?		0	twenties	male_masculine			German	0	0	0			
7f19a48f8969280dcb2428e4e3ff8e0a	92156	spontaneous-speech-de-92156.mp3	3384	11307	Was hältst du von Elektroautos als Zukunft der Mobilität?		0	twenties	male_masculine			German	1	0	0			
7f19a48f8969280dcb2428e4e3ff8e0a	92157	spontaneous-speech-de-92157.mp3	4032	7535	Wenn du eine Milliarde Euro hättest, was würdest du damit machen?		0	twenties	male_masculine			German	0	0	0			
7f19a48f8969280dcb2428e4e3ff8e0a	92158	spontaneous-speech-de-92158.mp3	5436	11188	Gehen Sie lieber im Supermarkt oder auf dem Markt einkaufen und weswegen ist Ihnen das wichtig?	Gehen Sie lieber im Supermarkt oder auf dem Markt einkaufen und weswegen ist Ihnen das wichtig?	0	twenties	male_masculine			German	1	0	0		14.716703458425313	
7f19a48f8969280dcb2428e4e3ff8e0a	92159	spontaneous-speech-de-92159.mp3	3420	7519	Welche Sprache würdest du gerne lernen und warum?		0	twenties	male_masculine			German	0	0	0			
7f19a48f8969280dcb2428e4e3ff8e0a	92160	spontaneous-speech-de-92160.mp3	4392	7513	Welchen Sport machst du am liebsten und warum?	Welchen Sport machst Du am liebsten und warum?	0	twenties	male_masculine			German	0	0	0		8.879781420765026	
f90aefb3c37133b7d2e0e26c25451ea4	92507	spontaneous-speech-de-92507.mp3	5580	11058	Welches Buch sollte man gelesen haben?		0	sixties				German	1	0	0			
f90aefb3c37133b7d2e0e26c25451ea4	92508	spontaneous-speech-de-92508.mp3	6660	7531	Wie bleibst du motiviert, wenn du auf Hindernisse stößt?		0	sixties				German	0	0	0			
a8beef0939bf2e4625c8ec47b660a7dd	92549	spontaneous-speech-de-92549.mp3	7776	7507	Welche Art von Hobby würdest du gerne einmal ausprobieren und warum?		0	sixties		Rheinisches Deutsch		German	0	0	0			
a8beef0939bf2e4625c8ec47b660a7dd	92550	spontaneous-speech-de-92550.mp3	7956	7520	Was war oder ist dein Lieblingsfach in der Schule und warum?		0	sixties		Rheinisches Deutsch		German	0	0	0			
a8beef0939bf2e4625c8ec47b660a7dd	92551	spontaneous-speech-de-92551.mp3	11772	7504	Welche Art von Wetter magst du am liebsten und warum?	Am liebsten mag ich heiter bis wolkiges Wetter mit 20 bis 25 Grad, weil ich weder zu sehr schwitzen noch frieren möchte.	0	sixties		Rheinisches Deutsch		German	0	0	0		8.409785932721713	
a8beef0939bf2e4625c8ec47b660a7dd	92552	spontaneous-speech-de-92552.mp3	12780	11217	Darf Technik unsere biologischen Grenzen erweitern und aus welchem Grund ist das erstrebenswert?		0	sixties		Rheinisches Deutsch		German	1	0	0			
a8beef0939bf2e4625c8ec47b660a7dd	92553	spontaneous-speech-de-92553.mp3	18720	9273	Haben Sie eine Meinung zum Tragen von Schuluniformen?		0	sixties		Rheinisches Deutsch		German	1	0	0			
a8beef0939bf2e4625c8ec47b660a7dd	92554	spontaneous-speech-de-92554.mp3	21636	7526	Welche Art von Unterkünften bevorzugst du beim Reisen (Hotel, Airbnb, Camping etc.) und warum?	Bezüglich Reiseunterkünften bin ich nicht festgelegt. Das hängt sehr stark vom Charakter der jeweiligen Reise ab. Je nach dem übernachte ich auf Campingplätzen, in Jugendherbergen, oder Jugendhotels, in Ferienwohnungen, in Privatunterkünften oder eben auch in Hotels.	0	sixties		Rheinisches Deutsch		German	0	0	0		10.722869291920873	
a8beef0939bf2e4625c8ec47b660a7dd	92555	spontaneous-speech-de-92555.mp3	12564	11204	Wie wichtig ist Ihnen Pünktlichkeit im Privatleben und warum hat dieser Wert für Sie eine Bedeutung?		0	sixties		Rheinisches Deutsch		German	1	0	0			
